,URL,ingredient
0,https://www.allrecipes.com/recipe/7016/french-toast-i/,6 thick slices bread
1,https://www.allrecipes.com/recipe/7016/french-toast-i/,2 eggs
2,https://www.allrecipes.com/recipe/7016/french-toast-i/,2/3 cup milk
3,https://www.allrecipes.com/recipe/7016/french-toast-i/,1/4 teaspoon ground cinnamon (optional)
4,https://www.allrecipes.com/recipe/7016/french-toast-i/,1/4 teaspoon ground nutmeg (optional)
5,https://www.allrecipes.com/recipe/7016/french-toast-i/,1 teaspoon vanilla extract (optional)
6,https://www.allrecipes.com/recipe/7016/french-toast-i/,salt to taste
0,https://www.allrecipes.com/recipe/22389/french-toast-casserole/,5 cups bread cubes
1,https://www.allrecipes.com/recipe/22389/french-toast-casserole/,4 eggs
2,https://www.allrecipes.com/recipe/22389/french-toast-casserole/,1 1/2 cups milk
3,https://www.allrecipes.com/recipe/22389/french-toast-casserole/,"1/4 cup white sugar, divided"
4,https://www.allrecipes.com/recipe/22389/french-toast-casserole/,1/4 teaspoon salt
5,https://www.allrecipes.com/recipe/22389/french-toast-casserole/,1 teaspoon vanilla extract
6,https://www.allrecipes.com/recipe/22389/french-toast-casserole/,"1 tablespoon margarine, softened"
7,https://www.allrecipes.com/recipe/22389/french-toast-casserole/,1 teaspoon ground cinnamon
0,https://www.allrecipes.com/recipe/6687/banana-bread/,1 1/2 cups all-purpose flour
1,https://www.allrecipes.com/recipe/6687/banana-bread/,1 teaspoon baking soda
2,https://www.allrecipes.com/recipe/6687/banana-bread/,1/2 teaspoon salt
3,https://www.allrecipes.com/recipe/6687/banana-bread/,1 cup white sugar
4,https://www.allrecipes.com/recipe/6687/banana-bread/,"2 eggs, beaten"
5,https://www.allrecipes.com/recipe/6687/banana-bread/,"1/4 cup butter, melted"
6,https://www.allrecipes.com/recipe/6687/banana-bread/,"3 bananas, mashed"
0,https://www.allrecipes.com/recipe/21551/quick-quiche/,8 slices bacon
1,https://www.allrecipes.com/recipe/21551/quick-quiche/,4 ounces shredded Swiss cheese
2,https://www.allrecipes.com/recipe/21551/quick-quiche/,"2 tablespoons butter, melted"
3,https://www.allrecipes.com/recipe/21551/quick-quiche/,"4 eggs, beaten"
4,https://www.allrecipes.com/recipe/21551/quick-quiche/,1/4 cup finely chopped onion
5,https://www.allrecipes.com/recipe/21551/quick-quiche/,1 teaspoon salt
6,https://www.allrecipes.com/recipe/21551/quick-quiche/,1/2 cup all-purpose flour
7,https://www.allrecipes.com/recipe/21551/quick-quiche/,1 1/2 cups milk
0,https://www.allrecipes.com/recipe/24148/easy-broccoli-quiche/,2 tablespoons butter
1,https://www.allrecipes.com/recipe/24148/easy-broccoli-quiche/,"1 onion, minced"
2,https://www.allrecipes.com/recipe/24148/easy-broccoli-quiche/,1 teaspoon minced garlic
3,https://www.allrecipes.com/recipe/24148/easy-broccoli-quiche/,2 cups chopped fresh broccoli
4,https://www.allrecipes.com/recipe/24148/easy-broccoli-quiche/,1 (9 inch) unbaked pie crust
5,https://www.allrecipes.com/recipe/24148/easy-broccoli-quiche/,1 1/2 cups shredded mozzarella cheese
6,https://www.allrecipes.com/recipe/24148/easy-broccoli-quiche/,"4 eggs, well beaten"
7,https://www.allrecipes.com/recipe/24148/easy-broccoli-quiche/,1 1/2 cups milk
8,https://www.allrecipes.com/recipe/24148/easy-broccoli-quiche/,1 teaspoon salt
9,https://www.allrecipes.com/recipe/24148/easy-broccoli-quiche/,1/2 teaspoon black pepper
10,https://www.allrecipes.com/recipe/24148/easy-broccoli-quiche/,"1 tablespoon butter, melted"
0,https://www.allrecipes.com/recipe/45396/easy-pancakes/,1 cup all-purpose flour
1,https://www.allrecipes.com/recipe/45396/easy-pancakes/,2 tablespoons white sugar
2,https://www.allrecipes.com/recipe/45396/easy-pancakes/,2 teaspoons baking powder
3,https://www.allrecipes.com/recipe/45396/easy-pancakes/,1 teaspoon salt
4,https://www.allrecipes.com/recipe/45396/easy-pancakes/,"1 egg, beaten"
5,https://www.allrecipes.com/recipe/45396/easy-pancakes/,1 cup milk
6,https://www.allrecipes.com/recipe/45396/easy-pancakes/,2 tablespoons vegetable oil
0,https://www.allrecipes.com/recipe/20177/todds-famous-blueberry-pancakes/,1 1/4 cups all-purpose flour
1,https://www.allrecipes.com/recipe/20177/todds-famous-blueberry-pancakes/,1/2 teaspoon salt
2,https://www.allrecipes.com/recipe/20177/todds-famous-blueberry-pancakes/,1 tablespoon baking powder
3,https://www.allrecipes.com/recipe/20177/todds-famous-blueberry-pancakes/,1 1/4 teaspoons white sugar
4,https://www.allrecipes.com/recipe/20177/todds-famous-blueberry-pancakes/,1 egg
5,https://www.allrecipes.com/recipe/20177/todds-famous-blueberry-pancakes/,1 cup milk
6,https://www.allrecipes.com/recipe/20177/todds-famous-blueberry-pancakes/,"1/2 tablespoon butter, melted"
7,https://www.allrecipes.com/recipe/20177/todds-famous-blueberry-pancakes/,"1/2 cup frozen blueberries, thawed"
0,https://www.allrecipes.com/recipe/20461/pancakes-i/,1 cup all-purpose flour
1,https://www.allrecipes.com/recipe/20461/pancakes-i/,1 tablespoon white sugar
2,https://www.allrecipes.com/recipe/20461/pancakes-i/,1 teaspoon baking powder
3,https://www.allrecipes.com/recipe/20461/pancakes-i/,1/2 teaspoon baking soda
4,https://www.allrecipes.com/recipe/20461/pancakes-i/,1/4 teaspoon salt
5,https://www.allrecipes.com/recipe/20461/pancakes-i/,1 cup milk
6,https://www.allrecipes.com/recipe/20461/pancakes-i/,1 egg
7,https://www.allrecipes.com/recipe/20461/pancakes-i/,2 tablespoons vegetable oil
0,https://www.allrecipes.com/recipe/7095/irresistible-irish-soda-bread/,3 cups all-purpose flour
1,https://www.allrecipes.com/recipe/7095/irresistible-irish-soda-bread/,1 tablespoon baking powder
2,https://www.allrecipes.com/recipe/7095/irresistible-irish-soda-bread/,1/3 cup white sugar
3,https://www.allrecipes.com/recipe/7095/irresistible-irish-soda-bread/,1 teaspoon salt
4,https://www.allrecipes.com/recipe/7095/irresistible-irish-soda-bread/,1 teaspoon baking soda
5,https://www.allrecipes.com/recipe/7095/irresistible-irish-soda-bread/,"1 egg, lightly beaten"
6,https://www.allrecipes.com/recipe/7095/irresistible-irish-soda-bread/,2 cups buttermilk
7,https://www.allrecipes.com/recipe/7095/irresistible-irish-soda-bread/,"1/4 cup butter, melted"
0,https://www.allrecipes.com/recipe/50523/clarks-quiche/,1/2 pound thick sliced bacon
1,https://www.allrecipes.com/recipe/50523/clarks-quiche/,"1 (10 ounce) package frozen chopped spinach, thawed"
2,https://www.allrecipes.com/recipe/50523/clarks-quiche/,1 (8 ounce) container sour cream
3,https://www.allrecipes.com/recipe/50523/clarks-quiche/,salt and pepper to taste
4,https://www.allrecipes.com/recipe/50523/clarks-quiche/,2 (9 inch) unbaked pie crusts
5,https://www.allrecipes.com/recipe/50523/clarks-quiche/,2 tablespoons olive oil
6,https://www.allrecipes.com/recipe/50523/clarks-quiche/,"1 onion, finely diced"
7,https://www.allrecipes.com/recipe/50523/clarks-quiche/,"1/2 pound fresh mushrooms, finely diced"
8,https://www.allrecipes.com/recipe/50523/clarks-quiche/,2 cups finely diced smoked ham
9,https://www.allrecipes.com/recipe/50523/clarks-quiche/,"8 ounces Monterey Jack cheese, shredded"
10,https://www.allrecipes.com/recipe/50523/clarks-quiche/,"8 ounces Cheddar cheese, shredded"
11,https://www.allrecipes.com/recipe/50523/clarks-quiche/,"4 ounces Parmesan cheese, grated"
12,https://www.allrecipes.com/recipe/50523/clarks-quiche/,8 eggs
13,https://www.allrecipes.com/recipe/50523/clarks-quiche/,1 1/2 cups half-and-half cream
14,https://www.allrecipes.com/recipe/50523/clarks-quiche/,1 tablespoon dried parsley
15,https://www.allrecipes.com/recipe/50523/clarks-quiche/,salt and pepper to taste
0,https://www.allrecipes.com/recipe/98390/megans-granola/,8 cups rolled oats
1,https://www.allrecipes.com/recipe/98390/megans-granola/,1 1/2 cups wheat germ
2,https://www.allrecipes.com/recipe/98390/megans-granola/,1 1/2 cups oat bran
3,https://www.allrecipes.com/recipe/98390/megans-granola/,1 cup sunflower seeds
4,https://www.allrecipes.com/recipe/98390/megans-granola/,1 cup finely chopped almonds
5,https://www.allrecipes.com/recipe/98390/megans-granola/,1 cup finely chopped pecans
6,https://www.allrecipes.com/recipe/98390/megans-granola/,1 cup finely chopped walnuts
7,https://www.allrecipes.com/recipe/98390/megans-granola/,1 1/2 teaspoons salt
8,https://www.allrecipes.com/recipe/98390/megans-granola/,1/2 cup brown sugar
9,https://www.allrecipes.com/recipe/98390/megans-granola/,1/4 cup maple syrup
10,https://www.allrecipes.com/recipe/98390/megans-granola/,3/4 cup honey
11,https://www.allrecipes.com/recipe/98390/megans-granola/,1 cup vegetable oil
12,https://www.allrecipes.com/recipe/98390/megans-granola/,1 tablespoon ground cinnamon
13,https://www.allrecipes.com/recipe/98390/megans-granola/,1 tablespoon vanilla extract
14,https://www.allrecipes.com/recipe/98390/megans-granola/,2 cups raisins or sweetened dried cranberries
0,https://www.allrecipes.com/recipe/6993/cathys-banana-bread/,1 cup mashed bananas
1,https://www.allrecipes.com/recipe/6993/cathys-banana-bread/,1 cup sour cream
2,https://www.allrecipes.com/recipe/6993/cathys-banana-bread/,1/4 cup margarine
3,https://www.allrecipes.com/recipe/6993/cathys-banana-bread/,1 1/3 cups white sugar
4,https://www.allrecipes.com/recipe/6993/cathys-banana-bread/,2 eggs
5,https://www.allrecipes.com/recipe/6993/cathys-banana-bread/,1 teaspoon vanilla extract
6,https://www.allrecipes.com/recipe/6993/cathys-banana-bread/,2 cups all-purpose flour
7,https://www.allrecipes.com/recipe/6993/cathys-banana-bread/,1 teaspoon baking soda
8,https://www.allrecipes.com/recipe/6993/cathys-banana-bread/,1 teaspoon baking powder
9,https://www.allrecipes.com/recipe/6993/cathys-banana-bread/,1/4 teaspoon salt
0,https://www.allrecipes.com/recipe/6915/zucchini-bread-iv/,3 eggs
1,https://www.allrecipes.com/recipe/6915/zucchini-bread-iv/,1 cup vegetable oil
2,https://www.allrecipes.com/recipe/6915/zucchini-bread-iv/,2 cups white sugar
3,https://www.allrecipes.com/recipe/6915/zucchini-bread-iv/,2 cups grated zucchini
4,https://www.allrecipes.com/recipe/6915/zucchini-bread-iv/,2 teaspoons vanilla extract
5,https://www.allrecipes.com/recipe/6915/zucchini-bread-iv/,3 cups all-purpose flour
6,https://www.allrecipes.com/recipe/6915/zucchini-bread-iv/,3 teaspoons ground cinnamon
7,https://www.allrecipes.com/recipe/6915/zucchini-bread-iv/,1 teaspoon baking soda
8,https://www.allrecipes.com/recipe/6915/zucchini-bread-iv/,1/4 teaspoon baking powder
9,https://www.allrecipes.com/recipe/6915/zucchini-bread-iv/,1 teaspoon salt
10,https://www.allrecipes.com/recipe/6915/zucchini-bread-iv/,1/2 cup chopped walnuts
0,https://www.allrecipes.com/recipe/23539/strawberry-oatmeal-breakfast-smoothie/,1 cup soy milk
1,https://www.allrecipes.com/recipe/23539/strawberry-oatmeal-breakfast-smoothie/,1/2 cup rolled oats
2,https://www.allrecipes.com/recipe/23539/strawberry-oatmeal-breakfast-smoothie/,"1 banana, broken into chunks"
3,https://www.allrecipes.com/recipe/23539/strawberry-oatmeal-breakfast-smoothie/,14 frozen strawberries
4,https://www.allrecipes.com/recipe/23539/strawberry-oatmeal-breakfast-smoothie/,1/2 teaspoon vanilla extract
5,https://www.allrecipes.com/recipe/23539/strawberry-oatmeal-breakfast-smoothie/,1 1/2 teaspoons white sugar
0,https://www.allrecipes.com/recipe/24532/sausage-casserole/,1 pound sage flavored breakfast sausage
1,https://www.allrecipes.com/recipe/24532/sausage-casserole/,"3 cups shredded potatoes, drained and pressed"
2,https://www.allrecipes.com/recipe/24532/sausage-casserole/,"1/4 cup butter, melted"
3,https://www.allrecipes.com/recipe/24532/sausage-casserole/,"12 ounces mild Cheddar cheese, shredded"
4,https://www.allrecipes.com/recipe/24532/sausage-casserole/,"1/2 cup onion, shredded"
5,https://www.allrecipes.com/recipe/24532/sausage-casserole/,1 (16 ounce) container small curd cottage cheese
6,https://www.allrecipes.com/recipe/24532/sausage-casserole/,6 jumbo eggs
0,https://www.allrecipes.com/recipe/6765/4h-banana-bread/,2 cups all-purpose flour
1,https://www.allrecipes.com/recipe/6765/4h-banana-bread/,1/2 teaspoon baking soda
2,https://www.allrecipes.com/recipe/6765/4h-banana-bread/,1 cup white sugar
3,https://www.allrecipes.com/recipe/6765/4h-banana-bread/,1 egg
4,https://www.allrecipes.com/recipe/6765/4h-banana-bread/,5 tablespoons milk
5,https://www.allrecipes.com/recipe/6765/4h-banana-bread/,1 teaspoon baking powder
6,https://www.allrecipes.com/recipe/6765/4h-banana-bread/,1/2 teaspoon salt
7,https://www.allrecipes.com/recipe/6765/4h-banana-bread/,1/2 cup margarine
8,https://www.allrecipes.com/recipe/6765/4h-banana-bread/,1 cup mashed bananas
9,https://www.allrecipes.com/recipe/6765/4h-banana-bread/,1/2 cup chopped walnuts (optional)
0,https://www.allrecipes.com/recipe/9353/strawberry-bread/,2 cups fresh strawberries
1,https://www.allrecipes.com/recipe/9353/strawberry-bread/,3 1/8 cups all-purpose flour
2,https://www.allrecipes.com/recipe/9353/strawberry-bread/,2 cups white sugar
3,https://www.allrecipes.com/recipe/9353/strawberry-bread/,1 tablespoon ground cinnamon
4,https://www.allrecipes.com/recipe/9353/strawberry-bread/,1 teaspoon salt
5,https://www.allrecipes.com/recipe/9353/strawberry-bread/,1 teaspoon baking soda
6,https://www.allrecipes.com/recipe/9353/strawberry-bread/,1 1/4 cups vegetable oil
7,https://www.allrecipes.com/recipe/9353/strawberry-bread/,"4 eggs, beaten"
8,https://www.allrecipes.com/recipe/9353/strawberry-bread/,1 1/4 cups chopped pecans
0,https://www.allrecipes.com/recipe/27188/crepes/,2 eggs
1,https://www.allrecipes.com/recipe/27188/crepes/,1 cup milk
2,https://www.allrecipes.com/recipe/27188/crepes/,2/3 cup all-purpose flour
3,https://www.allrecipes.com/recipe/27188/crepes/,1 pinch salt
4,https://www.allrecipes.com/recipe/27188/crepes/,1 1/2 teaspoons vegetable oil
0,https://www.allrecipes.com/recipe/7154/creamy-banana-bread/,"1/2 cup margarine, softened"
1,https://www.allrecipes.com/recipe/7154/creamy-banana-bread/,"1 (8 ounce) package cream cheese, softened"
2,https://www.allrecipes.com/recipe/7154/creamy-banana-bread/,1 1/4 cups white sugar
3,https://www.allrecipes.com/recipe/7154/creamy-banana-bread/,2 eggs
4,https://www.allrecipes.com/recipe/7154/creamy-banana-bread/,1 cup mashed bananas
5,https://www.allrecipes.com/recipe/7154/creamy-banana-bread/,1 teaspoon vanilla extract
6,https://www.allrecipes.com/recipe/7154/creamy-banana-bread/,2 1/4 cups all-purpose flour
7,https://www.allrecipes.com/recipe/7154/creamy-banana-bread/,1 1/2 teaspoons baking powder
8,https://www.allrecipes.com/recipe/7154/creamy-banana-bread/,1/2 teaspoon baking soda
9,https://www.allrecipes.com/recipe/7154/creamy-banana-bread/,3/4 cup chopped pecans
10,https://www.allrecipes.com/recipe/7154/creamy-banana-bread/,2 tablespoons brown sugar
11,https://www.allrecipes.com/recipe/7154/creamy-banana-bread/,2 teaspoons ground cinnamon
0,https://www.allrecipes.com/recipe/21649/sausage-balls/,1 pound ground pork sausage
1,https://www.allrecipes.com/recipe/21649/sausage-balls/,2 cups biscuit baking mix
2,https://www.allrecipes.com/recipe/21649/sausage-balls/,"1 pound sharp Cheddar cheese, shredded"
0,https://www.allrecipes.com/recipe/6934/cinnamon-bread-i/,2 cups all-purpose flour
1,https://www.allrecipes.com/recipe/6934/cinnamon-bread-i/,1 cup white sugar
2,https://www.allrecipes.com/recipe/6934/cinnamon-bread-i/,2 teaspoons baking powder
3,https://www.allrecipes.com/recipe/6934/cinnamon-bread-i/,1/2 teaspoon baking soda
4,https://www.allrecipes.com/recipe/6934/cinnamon-bread-i/,1 1/2 teaspoons ground cinnamon
5,https://www.allrecipes.com/recipe/6934/cinnamon-bread-i/,1 teaspoon salt
6,https://www.allrecipes.com/recipe/6934/cinnamon-bread-i/,1 cup buttermilk
7,https://www.allrecipes.com/recipe/6934/cinnamon-bread-i/,1/4 cup vegetable oil
8,https://www.allrecipes.com/recipe/6934/cinnamon-bread-i/,2 eggs
9,https://www.allrecipes.com/recipe/6934/cinnamon-bread-i/,2 teaspoons vanilla extract
10,https://www.allrecipes.com/recipe/6934/cinnamon-bread-i/,2 tablespoons white sugar
11,https://www.allrecipes.com/recipe/6934/cinnamon-bread-i/,1 teaspoon ground cinnamon
12,https://www.allrecipes.com/recipe/6934/cinnamon-bread-i/,2 teaspoons margarine
0,https://www.allrecipes.com/recipe/20792/b-and-ls-strawberry-smoothie/,"8 strawberries, hulled"
1,https://www.allrecipes.com/recipe/20792/b-and-ls-strawberry-smoothie/,1/2 cup skim milk
2,https://www.allrecipes.com/recipe/20792/b-and-ls-strawberry-smoothie/,1/2 cup plain yogurt
3,https://www.allrecipes.com/recipe/20792/b-and-ls-strawberry-smoothie/,3 tablespoons white sugar
4,https://www.allrecipes.com/recipe/20792/b-and-ls-strawberry-smoothie/,2 teaspoons vanilla extract
5,https://www.allrecipes.com/recipe/20792/b-and-ls-strawberry-smoothie/,"6 cubes ice, crushed"
0,https://www.allrecipes.com/recipe/76448/truck-stop-buttermilk-pancakes/,5 eggs
1,https://www.allrecipes.com/recipe/76448/truck-stop-buttermilk-pancakes/,1 1/2 cups milk
2,https://www.allrecipes.com/recipe/76448/truck-stop-buttermilk-pancakes/,"6 tablespoons butter, melted"
3,https://www.allrecipes.com/recipe/76448/truck-stop-buttermilk-pancakes/,5 cups buttermilk
4,https://www.allrecipes.com/recipe/76448/truck-stop-buttermilk-pancakes/,5 cups all-purpose flour
5,https://www.allrecipes.com/recipe/76448/truck-stop-buttermilk-pancakes/,5 teaspoons baking powder
6,https://www.allrecipes.com/recipe/76448/truck-stop-buttermilk-pancakes/,5 teaspoons baking soda
7,https://www.allrecipes.com/recipe/76448/truck-stop-buttermilk-pancakes/,1 pinch salt (optional)
8,https://www.allrecipes.com/recipe/76448/truck-stop-buttermilk-pancakes/,5 tablespoons sugar
0,https://www.allrecipes.com/recipe/19037/dessert-crepes/,"4 eggs, lightly beaten"
1,https://www.allrecipes.com/recipe/19037/dessert-crepes/,1 1/3 cups milk
2,https://www.allrecipes.com/recipe/19037/dessert-crepes/,"2 tablespoons butter, melted"
3,https://www.allrecipes.com/recipe/19037/dessert-crepes/,1 cup all-purpose flour
4,https://www.allrecipes.com/recipe/19037/dessert-crepes/,2 tablespoons white sugar
5,https://www.allrecipes.com/recipe/19037/dessert-crepes/,1/2 teaspoon salt
0,https://www.allrecipes.com/recipe/35255/creme-brulee-french-toast/,1/2 cup unsalted butter
1,https://www.allrecipes.com/recipe/35255/creme-brulee-french-toast/,1 cup packed brown sugar
2,https://www.allrecipes.com/recipe/35255/creme-brulee-french-toast/,2 tablespoons corn syrup
3,https://www.allrecipes.com/recipe/35255/creme-brulee-french-toast/,6 (1-inch thick) slices French bread
4,https://www.allrecipes.com/recipe/35255/creme-brulee-french-toast/,5 eggs
5,https://www.allrecipes.com/recipe/35255/creme-brulee-french-toast/,1 1/2 cups half-and-half cream
6,https://www.allrecipes.com/recipe/35255/creme-brulee-french-toast/,1 teaspoon vanilla extract
7,https://www.allrecipes.com/recipe/35255/creme-brulee-french-toast/,1 teaspoon brandy-based orange liqueur (such as Grand Marnier®)
8,https://www.allrecipes.com/recipe/35255/creme-brulee-french-toast/,1/4 teaspoon salt
0,https://www.allrecipes.com/recipe/203229/moms-buttermilk-pancakes/,1 cup flour
1,https://www.allrecipes.com/recipe/203229/moms-buttermilk-pancakes/,1 teaspoon salt
2,https://www.allrecipes.com/recipe/203229/moms-buttermilk-pancakes/,1 teaspoon baking soda
3,https://www.allrecipes.com/recipe/203229/moms-buttermilk-pancakes/,1 egg
4,https://www.allrecipes.com/recipe/203229/moms-buttermilk-pancakes/,1 1/8 cups buttermilk
5,https://www.allrecipes.com/recipe/203229/moms-buttermilk-pancakes/,"2 tablespoons butter, melted"
0,https://www.allrecipes.com/recipe/21384/oatmeal-pancakes-ii/,1/2 cup all-purpose flour
1,https://www.allrecipes.com/recipe/21384/oatmeal-pancakes-ii/,1/2 cup quick cooking oats
2,https://www.allrecipes.com/recipe/21384/oatmeal-pancakes-ii/,1 tablespoon white sugar
3,https://www.allrecipes.com/recipe/21384/oatmeal-pancakes-ii/,1 teaspoon baking powder
4,https://www.allrecipes.com/recipe/21384/oatmeal-pancakes-ii/,1/2 teaspoon baking soda
5,https://www.allrecipes.com/recipe/21384/oatmeal-pancakes-ii/,1/2 teaspoon salt
6,https://www.allrecipes.com/recipe/21384/oatmeal-pancakes-ii/,3/4 cup buttermilk
7,https://www.allrecipes.com/recipe/21384/oatmeal-pancakes-ii/,1 teaspoon vanilla extract
8,https://www.allrecipes.com/recipe/21384/oatmeal-pancakes-ii/,2 tablespoons vegetable oil
9,https://www.allrecipes.com/recipe/21384/oatmeal-pancakes-ii/,1 egg
0,https://www.allrecipes.com/recipe/6990/sarahs-banana-bread-muffins/,1 cup white sugar
1,https://www.allrecipes.com/recipe/6990/sarahs-banana-bread-muffins/,1/2 cup vegetable oil
2,https://www.allrecipes.com/recipe/6990/sarahs-banana-bread-muffins/,1 egg
3,https://www.allrecipes.com/recipe/6990/sarahs-banana-bread-muffins/,"3 ripe bananas, mashed"
4,https://www.allrecipes.com/recipe/6990/sarahs-banana-bread-muffins/,1/4 cup chopped walnuts
5,https://www.allrecipes.com/recipe/6990/sarahs-banana-bread-muffins/,2 cups all-purpose flour
6,https://www.allrecipes.com/recipe/6990/sarahs-banana-bread-muffins/,1 teaspoon baking soda
7,https://www.allrecipes.com/recipe/6990/sarahs-banana-bread-muffins/,1/2 teaspoon salt
0,https://www.allrecipes.com/recipe/20916/egg-and-sausage-casserole/,1 pound pork sausage
1,https://www.allrecipes.com/recipe/20916/egg-and-sausage-casserole/,1 (8 ounce) package refrigerated crescent roll dough
2,https://www.allrecipes.com/recipe/20916/egg-and-sausage-casserole/,"8 eggs, beaten"
3,https://www.allrecipes.com/recipe/20916/egg-and-sausage-casserole/,2 cups shredded mozzarella cheese
4,https://www.allrecipes.com/recipe/20916/egg-and-sausage-casserole/,2 cups shredded Cheddar cheese
5,https://www.allrecipes.com/recipe/20916/egg-and-sausage-casserole/,1 teaspoon dried oregano
0,https://www.allrecipes.com/recipe/220415/old-fashioned-pancakes/,1 1/2 cups all-purpose flour
1,https://www.allrecipes.com/recipe/220415/old-fashioned-pancakes/,3 1/2 teaspoons baking powder
2,https://www.allrecipes.com/recipe/220415/old-fashioned-pancakes/,1 teaspoon salt
3,https://www.allrecipes.com/recipe/220415/old-fashioned-pancakes/,1 tablespoon white sugar
4,https://www.allrecipes.com/recipe/220415/old-fashioned-pancakes/,"3 tablespoons butter, melted"
5,https://www.allrecipes.com/recipe/220415/old-fashioned-pancakes/,1 egg
6,https://www.allrecipes.com/recipe/220415/old-fashioned-pancakes/,1 1/4 cups milk
7,https://www.allrecipes.com/recipe/220415/old-fashioned-pancakes/,cooking spray
0,https://www.allrecipes.com/recipe/23389/easy-quiche/,2 cups milk
1,https://www.allrecipes.com/recipe/23389/easy-quiche/,4 eggs
2,https://www.allrecipes.com/recipe/23389/easy-quiche/,3/4 cup biscuit baking mix
3,https://www.allrecipes.com/recipe/23389/easy-quiche/,"1/4 cup butter, softened"
4,https://www.allrecipes.com/recipe/23389/easy-quiche/,1 cup grated Parmesan cheese
5,https://www.allrecipes.com/recipe/23389/easy-quiche/,"1 (10 ounce) package chopped frozen broccoli, thawed and drained"
6,https://www.allrecipes.com/recipe/23389/easy-quiche/,1 cup cubed cooked ham
7,https://www.allrecipes.com/recipe/23389/easy-quiche/,8 ounces shredded Cheddar cheese
0,https://www.allrecipes.com/recipe/88309/whole-grain-waffles/,"2 eggs, beaten"
1,https://www.allrecipes.com/recipe/88309/whole-grain-waffles/,1 3/4 cups skim milk
2,https://www.allrecipes.com/recipe/88309/whole-grain-waffles/,1/4 cup canola oil
3,https://www.allrecipes.com/recipe/88309/whole-grain-waffles/,1/4 cup unsweetened applesauce
4,https://www.allrecipes.com/recipe/88309/whole-grain-waffles/,1 teaspoon vanilla extract
5,https://www.allrecipes.com/recipe/88309/whole-grain-waffles/,1 cup whole wheat pastry flour
6,https://www.allrecipes.com/recipe/88309/whole-grain-waffles/,1/2 cup flax seed meal
7,https://www.allrecipes.com/recipe/88309/whole-grain-waffles/,1/4 cup wheat germ
8,https://www.allrecipes.com/recipe/88309/whole-grain-waffles/,1/4 cup all-purpose flour
9,https://www.allrecipes.com/recipe/88309/whole-grain-waffles/,4 teaspoons baking powder
10,https://www.allrecipes.com/recipe/88309/whole-grain-waffles/,1 tablespoon sugar
11,https://www.allrecipes.com/recipe/88309/whole-grain-waffles/,1/4 teaspoon salt
0,https://www.allrecipes.com/recipe/95817/vanilla-crepes/,1 1/2 cups milk
1,https://www.allrecipes.com/recipe/95817/vanilla-crepes/,3 egg yolks
2,https://www.allrecipes.com/recipe/95817/vanilla-crepes/,2 tablespoons vanilla extract
3,https://www.allrecipes.com/recipe/95817/vanilla-crepes/,1 1/2 cups all-purpose flour
4,https://www.allrecipes.com/recipe/95817/vanilla-crepes/,2 tablespoons sugar
5,https://www.allrecipes.com/recipe/95817/vanilla-crepes/,1/2 teaspoon salt
6,https://www.allrecipes.com/recipe/95817/vanilla-crepes/,5 tablespoons melted butter
0,https://www.allrecipes.com/recipe/51013/baked-oatmeal-ii/,3 cups rolled oats
1,https://www.allrecipes.com/recipe/51013/baked-oatmeal-ii/,1 cup brown sugar
2,https://www.allrecipes.com/recipe/51013/baked-oatmeal-ii/,2 teaspoons ground cinnamon
3,https://www.allrecipes.com/recipe/51013/baked-oatmeal-ii/,2 teaspoons baking powder
4,https://www.allrecipes.com/recipe/51013/baked-oatmeal-ii/,1 teaspoon salt
5,https://www.allrecipes.com/recipe/51013/baked-oatmeal-ii/,1 cup milk
6,https://www.allrecipes.com/recipe/51013/baked-oatmeal-ii/,2 eggs
7,https://www.allrecipes.com/recipe/51013/baked-oatmeal-ii/,1/2 cup melted butter
8,https://www.allrecipes.com/recipe/51013/baked-oatmeal-ii/,2 teaspoons vanilla extract
9,https://www.allrecipes.com/recipe/51013/baked-oatmeal-ii/,3/4 cup dried cranberries
0,https://www.allrecipes.com/recipe/158727/bacon-for-the-family-or-a-crowd/,1 pound thick sliced bacon
0,https://www.allrecipes.com/recipe/33118/german-potato-pancakes/,2 eggs
1,https://www.allrecipes.com/recipe/33118/german-potato-pancakes/,2 tablespoons all-purpose flour
2,https://www.allrecipes.com/recipe/33118/german-potato-pancakes/,1/4 teaspoon baking powder
3,https://www.allrecipes.com/recipe/33118/german-potato-pancakes/,1/2 teaspoon salt
4,https://www.allrecipes.com/recipe/33118/german-potato-pancakes/,1/4 teaspoon pepper
5,https://www.allrecipes.com/recipe/33118/german-potato-pancakes/,"6 medium potatoes, peeled and shredded"
6,https://www.allrecipes.com/recipe/33118/german-potato-pancakes/,1/2 cup finely chopped onion
7,https://www.allrecipes.com/recipe/33118/german-potato-pancakes/,1/4 cup vegetable oil
0,https://www.allrecipes.com/recipe/22162/uglies/,1 pound ground beef chuck
1,https://www.allrecipes.com/recipe/22162/uglies/,1/2 cup chopped onion
2,https://www.allrecipes.com/recipe/22162/uglies/,1/2 teaspoon garlic powder
3,https://www.allrecipes.com/recipe/22162/uglies/,1 1/2 cups barbeque sauce
4,https://www.allrecipes.com/recipe/22162/uglies/,1 (10 ounce) package refrigerated biscuit dough
5,https://www.allrecipes.com/recipe/22162/uglies/,2 cups shredded Cheddar cheese
0,https://www.allrecipes.com/recipe/6779/cinnamon-raisin-bread-i/,1 1/2 cups milk
1,https://www.allrecipes.com/recipe/6779/cinnamon-raisin-bread-i/,1 cup warm water (110 degrees F/45 degrees C)
2,https://www.allrecipes.com/recipe/6779/cinnamon-raisin-bread-i/,2 (.25 ounce) packages active dry yeast
3,https://www.allrecipes.com/recipe/6779/cinnamon-raisin-bread-i/,3 eggs
4,https://www.allrecipes.com/recipe/6779/cinnamon-raisin-bread-i/,1/2 cup white sugar
5,https://www.allrecipes.com/recipe/6779/cinnamon-raisin-bread-i/,1 teaspoon salt
6,https://www.allrecipes.com/recipe/6779/cinnamon-raisin-bread-i/,"1/2 cup margarine, softened"
7,https://www.allrecipes.com/recipe/6779/cinnamon-raisin-bread-i/,1 cup raisins
8,https://www.allrecipes.com/recipe/6779/cinnamon-raisin-bread-i/,8 cups all-purpose flour
9,https://www.allrecipes.com/recipe/6779/cinnamon-raisin-bread-i/,2 tablespoons milk
10,https://www.allrecipes.com/recipe/6779/cinnamon-raisin-bread-i/,3/4 cup white sugar
11,https://www.allrecipes.com/recipe/6779/cinnamon-raisin-bread-i/,2 tablespoons ground cinnamon
12,https://www.allrecipes.com/recipe/6779/cinnamon-raisin-bread-i/,"2 tablespoons butter, melted"
0,https://www.allrecipes.com/recipe/241707/joys-easy-banana-bread/,"3 ripe bananas, mashed"
1,https://www.allrecipes.com/recipe/241707/joys-easy-banana-bread/,1 cup white sugar
2,https://www.allrecipes.com/recipe/241707/joys-easy-banana-bread/,1 egg
3,https://www.allrecipes.com/recipe/241707/joys-easy-banana-bread/,1/4 cup melted butter
4,https://www.allrecipes.com/recipe/241707/joys-easy-banana-bread/,1 1/2 cups all-purpose flour
5,https://www.allrecipes.com/recipe/241707/joys-easy-banana-bread/,1 teaspoon baking soda
6,https://www.allrecipes.com/recipe/241707/joys-easy-banana-bread/,1 teaspoon salt
0,https://www.allrecipes.com/recipe/191885/vegan-pancakes/,1 1/4 cups all-purpose flour
1,https://www.allrecipes.com/recipe/191885/vegan-pancakes/,2 tablespoons white sugar
2,https://www.allrecipes.com/recipe/191885/vegan-pancakes/,2 teaspoons baking powder
3,https://www.allrecipes.com/recipe/191885/vegan-pancakes/,1/2 teaspoon salt
4,https://www.allrecipes.com/recipe/191885/vegan-pancakes/,1 1/4 cups water
5,https://www.allrecipes.com/recipe/191885/vegan-pancakes/,1 tablespoon oil
0,https://www.allrecipes.com/recipe/233074/grandads-pancakes/,1 cup all-purpose flour
1,https://www.allrecipes.com/recipe/233074/grandads-pancakes/,1/4 cup white sugar
2,https://www.allrecipes.com/recipe/233074/grandads-pancakes/,1 tablespoon baking powder
3,https://www.allrecipes.com/recipe/233074/grandads-pancakes/,1/4 teaspoon salt
4,https://www.allrecipes.com/recipe/233074/grandads-pancakes/,"1 cup milk, at room temperature"
5,https://www.allrecipes.com/recipe/233074/grandads-pancakes/,"1 egg, at room temperature"
6,https://www.allrecipes.com/recipe/233074/grandads-pancakes/,1 tablespoon oil
7,https://www.allrecipes.com/recipe/233074/grandads-pancakes/,"2 teaspoons oil, or as needed"
0,https://www.allrecipes.com/recipe/104894/whole-wheat-blueberry-pancakes/,1 1/4 cups whole wheat flour
1,https://www.allrecipes.com/recipe/104894/whole-wheat-blueberry-pancakes/,2 teaspoons baking powder
2,https://www.allrecipes.com/recipe/104894/whole-wheat-blueberry-pancakes/,1 egg
3,https://www.allrecipes.com/recipe/104894/whole-wheat-blueberry-pancakes/,"1 cup milk, plus more if necessary"
4,https://www.allrecipes.com/recipe/104894/whole-wheat-blueberry-pancakes/,1/2 teaspoon salt
5,https://www.allrecipes.com/recipe/104894/whole-wheat-blueberry-pancakes/,1 tablespoon artificial sweetener
6,https://www.allrecipes.com/recipe/104894/whole-wheat-blueberry-pancakes/,1/2 cup blueberries
0,https://www.allrecipes.com/recipe/220895/old-charleston-style-shrimp-and-grits/,1 cup coarsely ground grits
1,https://www.allrecipes.com/recipe/220895/old-charleston-style-shrimp-and-grits/,3 cups water
2,https://www.allrecipes.com/recipe/220895/old-charleston-style-shrimp-and-grits/,2 teaspoons salt
3,https://www.allrecipes.com/recipe/220895/old-charleston-style-shrimp-and-grits/,2 cups half-and-half
4,https://www.allrecipes.com/recipe/220895/old-charleston-style-shrimp-and-grits/,"2 pounds uncooked shrimp, peeled and deveined"
5,https://www.allrecipes.com/recipe/220895/old-charleston-style-shrimp-and-grits/,salt to taste
6,https://www.allrecipes.com/recipe/220895/old-charleston-style-shrimp-and-grits/,"1 pinch cayenne pepper, or to taste"
7,https://www.allrecipes.com/recipe/220895/old-charleston-style-shrimp-and-grits/,"1 lemon, juiced"
8,https://www.allrecipes.com/recipe/220895/old-charleston-style-shrimp-and-grits/,"1 pound andouille sausage, cut into 1/4-inch slices"
9,https://www.allrecipes.com/recipe/220895/old-charleston-style-shrimp-and-grits/,5 slices bacon
10,https://www.allrecipes.com/recipe/220895/old-charleston-style-shrimp-and-grits/,"1 green bell pepper, chopped"
11,https://www.allrecipes.com/recipe/220895/old-charleston-style-shrimp-and-grits/,"1 red bell pepper, chopped"
12,https://www.allrecipes.com/recipe/220895/old-charleston-style-shrimp-and-grits/,"1 yellow bell pepper, chopped"
13,https://www.allrecipes.com/recipe/220895/old-charleston-style-shrimp-and-grits/,1 cup chopped onion
14,https://www.allrecipes.com/recipe/220895/old-charleston-style-shrimp-and-grits/,1 teaspoon minced garlic
15,https://www.allrecipes.com/recipe/220895/old-charleston-style-shrimp-and-grits/,1/4 cup butter
16,https://www.allrecipes.com/recipe/220895/old-charleston-style-shrimp-and-grits/,1/4 cup all-purpose flour
17,https://www.allrecipes.com/recipe/220895/old-charleston-style-shrimp-and-grits/,1 cup chicken broth
18,https://www.allrecipes.com/recipe/220895/old-charleston-style-shrimp-and-grits/,1 tablespoon Worcestershire sauce
19,https://www.allrecipes.com/recipe/220895/old-charleston-style-shrimp-and-grits/,1 cup shredded sharp Cheddar cheese
0,https://www.allrecipes.com/recipe/230482/banana-chocolate-chip-bread/,2 cups all-purpose flour
1,https://www.allrecipes.com/recipe/230482/banana-chocolate-chip-bread/,1 teaspoon baking powder
2,https://www.allrecipes.com/recipe/230482/banana-chocolate-chip-bread/,1 teaspoon baking soda
3,https://www.allrecipes.com/recipe/230482/banana-chocolate-chip-bread/,1 teaspoon salt
4,https://www.allrecipes.com/recipe/230482/banana-chocolate-chip-bread/,"3 ripe bananas, mashed"
5,https://www.allrecipes.com/recipe/230482/banana-chocolate-chip-bread/,1 tablespoon milk
6,https://www.allrecipes.com/recipe/230482/banana-chocolate-chip-bread/,"1 teaspoon ground cinnamon, or to taste"
7,https://www.allrecipes.com/recipe/230482/banana-chocolate-chip-bread/,"1/2 cup butter, softened"
8,https://www.allrecipes.com/recipe/230482/banana-chocolate-chip-bread/,1 cup white sugar
9,https://www.allrecipes.com/recipe/230482/banana-chocolate-chip-bread/,2 eggs
10,https://www.allrecipes.com/recipe/230482/banana-chocolate-chip-bread/,1 cup semisweet chocolate chips
0,https://www.allrecipes.com/recipe/45394/light-and-fluffy-spinach-quiche/,1/2 cup light mayonnaise
1,https://www.allrecipes.com/recipe/45394/light-and-fluffy-spinach-quiche/,1/2 cup milk
2,https://www.allrecipes.com/recipe/45394/light-and-fluffy-spinach-quiche/,"4 eggs, lightly beaten"
3,https://www.allrecipes.com/recipe/45394/light-and-fluffy-spinach-quiche/,8 ounces shredded reduced-fat Cheddar cheese
4,https://www.allrecipes.com/recipe/45394/light-and-fluffy-spinach-quiche/,"1 (10 ounce) package frozen chopped spinach, thawed and squeezed dry"
5,https://www.allrecipes.com/recipe/45394/light-and-fluffy-spinach-quiche/,1/4 cup chopped onion
6,https://www.allrecipes.com/recipe/45394/light-and-fluffy-spinach-quiche/,1 (9 inch) unbaked pie shell
0,https://www.allrecipes.com/recipe/6713/easy-banana-bread/,5 very ripe bananas
1,https://www.allrecipes.com/recipe/6713/easy-banana-bread/,4 eggs
2,https://www.allrecipes.com/recipe/6713/easy-banana-bread/,1 cup shortening
3,https://www.allrecipes.com/recipe/6713/easy-banana-bread/,2 1/2 cups white sugar
4,https://www.allrecipes.com/recipe/6713/easy-banana-bread/,1 tablespoon vanilla extract
5,https://www.allrecipes.com/recipe/6713/easy-banana-bread/,3 1/2 cups all-purpose flour
6,https://www.allrecipes.com/recipe/6713/easy-banana-bread/,2 teaspoons baking soda
7,https://www.allrecipes.com/recipe/6713/easy-banana-bread/,1 teaspoon salt
0,https://www.allrecipes.com/recipe/7155/whole-wheat-banana-nut-bread/,1/3 cup vegetable oil
1,https://www.allrecipes.com/recipe/7155/whole-wheat-banana-nut-bread/,1/2 cup honey
2,https://www.allrecipes.com/recipe/7155/whole-wheat-banana-nut-bread/,1 teaspoon vanilla extract
3,https://www.allrecipes.com/recipe/7155/whole-wheat-banana-nut-bread/,2 eggs
4,https://www.allrecipes.com/recipe/7155/whole-wheat-banana-nut-bread/,1 cup mashed bananas
5,https://www.allrecipes.com/recipe/7155/whole-wheat-banana-nut-bread/,1 3/4 cups whole wheat flour
6,https://www.allrecipes.com/recipe/7155/whole-wheat-banana-nut-bread/,1/2 teaspoon salt
7,https://www.allrecipes.com/recipe/7155/whole-wheat-banana-nut-bread/,1 teaspoon baking soda
8,https://www.allrecipes.com/recipe/7155/whole-wheat-banana-nut-bread/,1/4 cup hot water
9,https://www.allrecipes.com/recipe/7155/whole-wheat-banana-nut-bread/,1/2 cup chopped walnuts
0,https://www.allrecipes.com/recipe/49629/breakfast-pies/,3/4 pound breakfast sausage
1,https://www.allrecipes.com/recipe/49629/breakfast-pies/,1/8 cup minced onion
2,https://www.allrecipes.com/recipe/49629/breakfast-pies/,1/8 cup minced green bell pepper
3,https://www.allrecipes.com/recipe/49629/breakfast-pies/,1 (12 ounce) can refrigerated biscuit dough
4,https://www.allrecipes.com/recipe/49629/breakfast-pies/,"3 eggs, beaten"
5,https://www.allrecipes.com/recipe/49629/breakfast-pies/,3 tablespoons milk
6,https://www.allrecipes.com/recipe/49629/breakfast-pies/,1/2 cup shredded Colby-Monterey Jack cheese
0,https://www.allrecipes.com/recipe/23898/dutch-babies-ii/,2 eggs
1,https://www.allrecipes.com/recipe/23898/dutch-babies-ii/,1/2 cup milk
2,https://www.allrecipes.com/recipe/23898/dutch-babies-ii/,1/2 cup sifted all-purpose flour
3,https://www.allrecipes.com/recipe/23898/dutch-babies-ii/,1 pinch ground nutmeg
4,https://www.allrecipes.com/recipe/23898/dutch-babies-ii/,1 pinch salt
5,https://www.allrecipes.com/recipe/23898/dutch-babies-ii/,2 tablespoons butter
6,https://www.allrecipes.com/recipe/23898/dutch-babies-ii/,2 tablespoons confectioners' sugar for dusting
0,https://www.allrecipes.com/recipe/6697/delicious-pumpkin-bread/,3 1/4 cups all-purpose flour
1,https://www.allrecipes.com/recipe/6697/delicious-pumpkin-bread/,3 cups white sugar
2,https://www.allrecipes.com/recipe/6697/delicious-pumpkin-bread/,2 teaspoons baking soda
3,https://www.allrecipes.com/recipe/6697/delicious-pumpkin-bread/,1 1/2 teaspoons salt
4,https://www.allrecipes.com/recipe/6697/delicious-pumpkin-bread/,1 teaspoon ground nutmeg
5,https://www.allrecipes.com/recipe/6697/delicious-pumpkin-bread/,1 teaspoon ground cinnamon
6,https://www.allrecipes.com/recipe/6697/delicious-pumpkin-bread/,2 cups solid pack pumpkin puree
7,https://www.allrecipes.com/recipe/6697/delicious-pumpkin-bread/,2/3 cup water
8,https://www.allrecipes.com/recipe/6697/delicious-pumpkin-bread/,1 cup vegetable oil
9,https://www.allrecipes.com/recipe/6697/delicious-pumpkin-bread/,4 eggs
10,https://www.allrecipes.com/recipe/6697/delicious-pumpkin-bread/,1/2 cup chopped walnuts (optional)
0,https://www.allrecipes.com/recipe/221261/peanut-butter-banana-smoothie/,"2 bananas, broken into chunks"
1,https://www.allrecipes.com/recipe/221261/peanut-butter-banana-smoothie/,2 cups milk
2,https://www.allrecipes.com/recipe/221261/peanut-butter-banana-smoothie/,1/2 cup peanut butter
3,https://www.allrecipes.com/recipe/221261/peanut-butter-banana-smoothie/,"2 tablespoons honey, or to taste"
4,https://www.allrecipes.com/recipe/221261/peanut-butter-banana-smoothie/,2 cups ice cubes
0,https://www.allrecipes.com/recipe/51960/charleston-breakfast-casserole/,12 slices bacon
1,https://www.allrecipes.com/recipe/51960/charleston-breakfast-casserole/,"1/4 cup butter, melted"
2,https://www.allrecipes.com/recipe/51960/charleston-breakfast-casserole/,3 cups croutons
3,https://www.allrecipes.com/recipe/51960/charleston-breakfast-casserole/,2 cups grated Cheddar cheese
4,https://www.allrecipes.com/recipe/51960/charleston-breakfast-casserole/,6 eggs
5,https://www.allrecipes.com/recipe/51960/charleston-breakfast-casserole/,1 3/4 cups milk
6,https://www.allrecipes.com/recipe/51960/charleston-breakfast-casserole/,"1 bell pepper (any color), diced"
7,https://www.allrecipes.com/recipe/51960/charleston-breakfast-casserole/,1 tablespoon prepared mustard
8,https://www.allrecipes.com/recipe/51960/charleston-breakfast-casserole/,salt and pepper to taste
0,https://www.allrecipes.com/recipe/20931/french-crepes/,1 cup all-purpose flour
1,https://www.allrecipes.com/recipe/20931/french-crepes/,1 teaspoon white sugar
2,https://www.allrecipes.com/recipe/20931/french-crepes/,1/4 teaspoon salt
3,https://www.allrecipes.com/recipe/20931/french-crepes/,3 eggs
4,https://www.allrecipes.com/recipe/20931/french-crepes/,2 cups milk
5,https://www.allrecipes.com/recipe/20931/french-crepes/,"2 tablespoons butter, melted"
0,https://www.allrecipes.com/recipe/57459/oven-scrambled-eggs/,"1/2 cup butter or margarine, melted"
1,https://www.allrecipes.com/recipe/57459/oven-scrambled-eggs/,24 eggs
2,https://www.allrecipes.com/recipe/57459/oven-scrambled-eggs/,2 1/4 teaspoons salt
3,https://www.allrecipes.com/recipe/57459/oven-scrambled-eggs/,2 1/2 cups milk
0,https://www.allrecipes.com/recipe/216756/baked-ham-and-cheese-party-sandwiches/,3/4 cup melted butter
1,https://www.allrecipes.com/recipe/216756/baked-ham-and-cheese-party-sandwiches/,1 1/2 tablespoons Dijon mustard
2,https://www.allrecipes.com/recipe/216756/baked-ham-and-cheese-party-sandwiches/,1 1/2 teaspoons Worcestershire sauce
3,https://www.allrecipes.com/recipe/216756/baked-ham-and-cheese-party-sandwiches/,1 1/2 tablespoons poppy seeds
4,https://www.allrecipes.com/recipe/216756/baked-ham-and-cheese-party-sandwiches/,1 tablespoon dried minced onion
5,https://www.allrecipes.com/recipe/216756/baked-ham-and-cheese-party-sandwiches/,24 mini sandwich rolls
6,https://www.allrecipes.com/recipe/216756/baked-ham-and-cheese-party-sandwiches/,1 pound thinly sliced cooked deli ham
7,https://www.allrecipes.com/recipe/216756/baked-ham-and-cheese-party-sandwiches/,1 pound thinly sliced Swiss cheese
0,https://www.allrecipes.com/recipe/24474/easy-bacon-and-cheese-quiche/,1 (3 ounce) can bacon bits
1,https://www.allrecipes.com/recipe/24474/easy-bacon-and-cheese-quiche/,1/2 cup chopped onion
2,https://www.allrecipes.com/recipe/24474/easy-bacon-and-cheese-quiche/,5 ounces shredded Swiss cheese
3,https://www.allrecipes.com/recipe/24474/easy-bacon-and-cheese-quiche/,3 ounces grated Parmesan cheese
4,https://www.allrecipes.com/recipe/24474/easy-bacon-and-cheese-quiche/,1 (9 inch) deep dish frozen pie crust
5,https://www.allrecipes.com/recipe/24474/easy-bacon-and-cheese-quiche/,"4 eggs, lightly beaten"
6,https://www.allrecipes.com/recipe/24474/easy-bacon-and-cheese-quiche/,1 cup half-and-half cream
0,https://www.allrecipes.com/recipe/219967/chef-johns-banana-bread/,cooking spray
1,https://www.allrecipes.com/recipe/219967/chef-johns-banana-bread/,2 cups all-purpose flour
2,https://www.allrecipes.com/recipe/219967/chef-johns-banana-bread/,1 teaspoon salt
3,https://www.allrecipes.com/recipe/219967/chef-johns-banana-bread/,1 teaspoon baking powder
4,https://www.allrecipes.com/recipe/219967/chef-johns-banana-bread/,1 teaspoon baking soda
5,https://www.allrecipes.com/recipe/219967/chef-johns-banana-bread/,"1/2 cup butter, softened"
6,https://www.allrecipes.com/recipe/219967/chef-johns-banana-bread/,"3 ripe bananas, mashed"
7,https://www.allrecipes.com/recipe/219967/chef-johns-banana-bread/,1 cup white sugar
8,https://www.allrecipes.com/recipe/219967/chef-johns-banana-bread/,2 large eggs
9,https://www.allrecipes.com/recipe/219967/chef-johns-banana-bread/,1/4 teaspoon vanilla extract
10,https://www.allrecipes.com/recipe/219967/chef-johns-banana-bread/,1 tablespoon milk
11,https://www.allrecipes.com/recipe/219967/chef-johns-banana-bread/,1 cup chopped walnuts
12,https://www.allrecipes.com/recipe/219967/chef-johns-banana-bread/,1/3 cup semisweet chocolate chips
0,https://www.allrecipes.com/recipe/86587/scrambled-eggs-done-right/,2 eggs
1,https://www.allrecipes.com/recipe/86587/scrambled-eggs-done-right/,1 teaspoon mayonnaise or salad dressing
2,https://www.allrecipes.com/recipe/86587/scrambled-eggs-done-right/,1 teaspoon water (optional)
3,https://www.allrecipes.com/recipe/86587/scrambled-eggs-done-right/,1 teaspoon margarine or butter
4,https://www.allrecipes.com/recipe/86587/scrambled-eggs-done-right/,salt and pepper to taste (optional)
0,https://www.allrecipes.com/recipe/47044/spinach-and-potato-frittata/,2 tablespoons olive oil
1,https://www.allrecipes.com/recipe/47044/spinach-and-potato-frittata/,"6 small red potatoes, sliced"
2,https://www.allrecipes.com/recipe/47044/spinach-and-potato-frittata/,1 cup torn fresh spinach
3,https://www.allrecipes.com/recipe/47044/spinach-and-potato-frittata/,2 tablespoons sliced green onions
4,https://www.allrecipes.com/recipe/47044/spinach-and-potato-frittata/,1 teaspoon crushed garlic
5,https://www.allrecipes.com/recipe/47044/spinach-and-potato-frittata/,salt and pepper to taste
6,https://www.allrecipes.com/recipe/47044/spinach-and-potato-frittata/,6 eggs
7,https://www.allrecipes.com/recipe/47044/spinach-and-potato-frittata/,1/3 cup milk
8,https://www.allrecipes.com/recipe/47044/spinach-and-potato-frittata/,1/2 cup shredded Cheddar cheese
0,https://www.allrecipes.com/recipe/216391/easy-sausage-gravy-and-biscuits/,1 (16 ounce) can refrigerated jumbo buttermilk biscuits
1,https://www.allrecipes.com/recipe/216391/easy-sausage-gravy-and-biscuits/,1 (9.6 ounce) package Jimmy Dean® Original Hearty Pork Sausage Crumbles
2,https://www.allrecipes.com/recipe/216391/easy-sausage-gravy-and-biscuits/,1/4 cup flour
3,https://www.allrecipes.com/recipe/216391/easy-sausage-gravy-and-biscuits/,2 1/2 cups milk
4,https://www.allrecipes.com/recipe/216391/easy-sausage-gravy-and-biscuits/,Salt and ground black pepper to taste
0,https://www.allrecipes.com/recipe/87013/hash-brown-and-egg-casserole/,"1 (2 pound) package frozen hash brown potatoes, thawed"
1,https://www.allrecipes.com/recipe/87013/hash-brown-and-egg-casserole/,1 pound pork sausage
2,https://www.allrecipes.com/recipe/87013/hash-brown-and-egg-casserole/,"1 small onion, diced"
3,https://www.allrecipes.com/recipe/87013/hash-brown-and-egg-casserole/,5 eggs
4,https://www.allrecipes.com/recipe/87013/hash-brown-and-egg-casserole/,1/2 cup milk
5,https://www.allrecipes.com/recipe/87013/hash-brown-and-egg-casserole/,1/2 teaspoon onion powder
6,https://www.allrecipes.com/recipe/87013/hash-brown-and-egg-casserole/,1/8 teaspoon garlic powder
7,https://www.allrecipes.com/recipe/87013/hash-brown-and-egg-casserole/,salt and ground black pepper to taste
8,https://www.allrecipes.com/recipe/87013/hash-brown-and-egg-casserole/,12 ounces shredded Cheddar cheese
0,https://www.allrecipes.com/recipe/24138/buttermilk-pancakes-i/,1 1/4 cups all-purpose flour
1,https://www.allrecipes.com/recipe/24138/buttermilk-pancakes-i/,1 egg
2,https://www.allrecipes.com/recipe/24138/buttermilk-pancakes-i/,1 1/4 cups buttermilk
3,https://www.allrecipes.com/recipe/24138/buttermilk-pancakes-i/,1/4 cup white sugar
4,https://www.allrecipes.com/recipe/24138/buttermilk-pancakes-i/,1 teaspoon baking powder
5,https://www.allrecipes.com/recipe/24138/buttermilk-pancakes-i/,1 teaspoon baking soda
6,https://www.allrecipes.com/recipe/24138/buttermilk-pancakes-i/,1/4 cup vegetable oil
0,https://www.allrecipes.com/recipe/21554/sausage-egg-casserole/,3/4 pound ground pork sausage
1,https://www.allrecipes.com/recipe/21554/sausage-egg-casserole/,1 tablespoon butter
2,https://www.allrecipes.com/recipe/21554/sausage-egg-casserole/,"4 green onions, chopped"
3,https://www.allrecipes.com/recipe/21554/sausage-egg-casserole/,"1/2 pound fresh mushrooms, sliced"
4,https://www.allrecipes.com/recipe/21554/sausage-egg-casserole/,"10 eggs, beaten"
5,https://www.allrecipes.com/recipe/21554/sausage-egg-casserole/,1 (16 ounce) container low-fat cottage cheese
6,https://www.allrecipes.com/recipe/21554/sausage-egg-casserole/,"1 pound Monterey Jack cheese, shredded"
7,https://www.allrecipes.com/recipe/21554/sausage-egg-casserole/,"2 (4 ounce) cans diced green chile peppers, drained"
8,https://www.allrecipes.com/recipe/21554/sausage-egg-casserole/,1 cup all-purpose flour
9,https://www.allrecipes.com/recipe/21554/sausage-egg-casserole/,1 teaspoon baking powder
10,https://www.allrecipes.com/recipe/21554/sausage-egg-casserole/,1/2 teaspoon salt
11,https://www.allrecipes.com/recipe/21554/sausage-egg-casserole/,"1/3 cup butter, melted"
0,https://www.allrecipes.com/recipe/12733/crab-quiche-i/,1/2 cup mayonnaise
1,https://www.allrecipes.com/recipe/12733/crab-quiche-i/,2 tablespoons all-purpose flour
2,https://www.allrecipes.com/recipe/12733/crab-quiche-i/,"2 eggs, beaten"
3,https://www.allrecipes.com/recipe/12733/crab-quiche-i/,1/2 cup milk
4,https://www.allrecipes.com/recipe/12733/crab-quiche-i/,1 cup crab meat
5,https://www.allrecipes.com/recipe/12733/crab-quiche-i/,1 cup diced Swiss cheese
6,https://www.allrecipes.com/recipe/12733/crab-quiche-i/,1/2 cup chopped green onions
7,https://www.allrecipes.com/recipe/12733/crab-quiche-i/,1 (9 inch) unbaked pie crust
0,https://www.allrecipes.com/recipe/7243/pumpkin-pie-bread/,3 1/2 cups all-purpose flour
1,https://www.allrecipes.com/recipe/7243/pumpkin-pie-bread/,2 teaspoons baking soda
2,https://www.allrecipes.com/recipe/7243/pumpkin-pie-bread/,1 teaspoon baking powder
3,https://www.allrecipes.com/recipe/7243/pumpkin-pie-bread/,3 teaspoons pumpkin pie spice
4,https://www.allrecipes.com/recipe/7243/pumpkin-pie-bread/,1 teaspoon salt
5,https://www.allrecipes.com/recipe/7243/pumpkin-pie-bread/,3 cups white sugar
6,https://www.allrecipes.com/recipe/7243/pumpkin-pie-bread/,1 cup vegetable oil
7,https://www.allrecipes.com/recipe/7243/pumpkin-pie-bread/,4 eggs
8,https://www.allrecipes.com/recipe/7243/pumpkin-pie-bread/,1 (15 ounce) can pumpkin puree
9,https://www.allrecipes.com/recipe/7243/pumpkin-pie-bread/,1/2 cup water
0,https://www.allrecipes.com/recipe/23376/cinnamon-swirl-bread/,1/3 cup white sugar
1,https://www.allrecipes.com/recipe/23376/cinnamon-swirl-bread/,2 teaspoons ground cinnamon
2,https://www.allrecipes.com/recipe/23376/cinnamon-swirl-bread/,2 cups all-purpose flour
3,https://www.allrecipes.com/recipe/23376/cinnamon-swirl-bread/,1 tablespoon baking powder
4,https://www.allrecipes.com/recipe/23376/cinnamon-swirl-bread/,1/2 teaspoon salt
5,https://www.allrecipes.com/recipe/23376/cinnamon-swirl-bread/,1 cup white sugar
6,https://www.allrecipes.com/recipe/23376/cinnamon-swirl-bread/,"1 egg, beaten"
7,https://www.allrecipes.com/recipe/23376/cinnamon-swirl-bread/,1 cup milk
8,https://www.allrecipes.com/recipe/23376/cinnamon-swirl-bread/,1/3 cup vegetable oil
0,https://www.allrecipes.com/recipe/21686/spinach-quiche/,"1 (10 ounce) package frozen chopped spinach, thawed"
1,https://www.allrecipes.com/recipe/21686/spinach-quiche/,"1 bunch green onions, finely chopped (white parts only)"
2,https://www.allrecipes.com/recipe/21686/spinach-quiche/,"4 eggs, beaten"
3,https://www.allrecipes.com/recipe/21686/spinach-quiche/,1 (16 ounce) package cottage cheese
4,https://www.allrecipes.com/recipe/21686/spinach-quiche/,2 cups shredded Cheddar cheese
5,https://www.allrecipes.com/recipe/21686/spinach-quiche/,1/4 cup crushed croutons
0,https://www.allrecipes.com/recipe/20900/easter-breakfast-casserole/,1 pound bacon
1,https://www.allrecipes.com/recipe/20900/easter-breakfast-casserole/,1/4 cup diced onion
2,https://www.allrecipes.com/recipe/20900/easter-breakfast-casserole/,1/4 cup diced green bell pepper
3,https://www.allrecipes.com/recipe/20900/easter-breakfast-casserole/,3 cups shredded Cheddar cheese
4,https://www.allrecipes.com/recipe/20900/easter-breakfast-casserole/,8 eggs
5,https://www.allrecipes.com/recipe/20900/easter-breakfast-casserole/,2 cups milk
6,https://www.allrecipes.com/recipe/20900/easter-breakfast-casserole/,"1 (16 ounce) package frozen hash brown potatoes, thawed"
0,https://www.allrecipes.com/recipe/16719/french-toast-ii/,4 eggs
1,https://www.allrecipes.com/recipe/16719/french-toast-ii/,3/4 cup milk
2,https://www.allrecipes.com/recipe/16719/french-toast-ii/,3 tablespoons brown sugar
3,https://www.allrecipes.com/recipe/16719/french-toast-ii/,1 teaspoon ground nutmeg
4,https://www.allrecipes.com/recipe/16719/french-toast-ii/,12 slices white bread
5,https://www.allrecipes.com/recipe/16719/french-toast-ii/,1 tablespoon ground cinnamon
0,https://www.allrecipes.com/recipe/20913/easy-sausage-strata/,1 pound pork sausage
1,https://www.allrecipes.com/recipe/20913/easy-sausage-strata/,"6 (1 ounce) slices bread, cubed"
2,https://www.allrecipes.com/recipe/20913/easy-sausage-strata/,2 cups shredded Cheddar cheese
3,https://www.allrecipes.com/recipe/20913/easy-sausage-strata/,6 eggs
4,https://www.allrecipes.com/recipe/20913/easy-sausage-strata/,2 cups milk
5,https://www.allrecipes.com/recipe/20913/easy-sausage-strata/,1 teaspoon salt
6,https://www.allrecipes.com/recipe/20913/easy-sausage-strata/,1 teaspoon ground dry mustard
0,https://www.allrecipes.com/recipe/53314/country-breakfast-casserole/,1 (16 ounce) package breakfast sausage
1,https://www.allrecipes.com/recipe/53314/country-breakfast-casserole/,1 chopped green onion
2,https://www.allrecipes.com/recipe/53314/country-breakfast-casserole/,2 cups shredded Cheddar cheese
3,https://www.allrecipes.com/recipe/53314/country-breakfast-casserole/,"6 eggs, lightly beaten"
4,https://www.allrecipes.com/recipe/53314/country-breakfast-casserole/,1 cup water
5,https://www.allrecipes.com/recipe/53314/country-breakfast-casserole/,1/2 cup milk
6,https://www.allrecipes.com/recipe/53314/country-breakfast-casserole/,1 (2.64 ounce) package country gravy mix
7,https://www.allrecipes.com/recipe/53314/country-breakfast-casserole/,"6 slices bread, cut into 1 inch cubes"
8,https://www.allrecipes.com/recipe/53314/country-breakfast-casserole/,2 tablespoons melted butter (optional)
9,https://www.allrecipes.com/recipe/53314/country-breakfast-casserole/,paprika to taste (optional)
0,https://www.allrecipes.com/recipe/229780/baked-denver-omelet/,2 tablespoons butter
1,https://www.allrecipes.com/recipe/229780/baked-denver-omelet/,"1/2 onion, chopped"
2,https://www.allrecipes.com/recipe/229780/baked-denver-omelet/,"1/2 green bell pepper, chopped"
3,https://www.allrecipes.com/recipe/229780/baked-denver-omelet/,1 cup chopped cooked ham
4,https://www.allrecipes.com/recipe/229780/baked-denver-omelet/,8 eggs
5,https://www.allrecipes.com/recipe/229780/baked-denver-omelet/,1/4 cup milk
6,https://www.allrecipes.com/recipe/229780/baked-denver-omelet/,1/2 cup shredded Cheddar cheese
7,https://www.allrecipes.com/recipe/229780/baked-denver-omelet/,salt and ground black pepper to taste
0,https://www.allrecipes.com/recipe/20701/breakfast-casserole-ii/,1 (16 ounce) package ground pork breakfast sausage
1,https://www.allrecipes.com/recipe/20701/breakfast-casserole-ii/,12 eggs
2,https://www.allrecipes.com/recipe/20701/breakfast-casserole-ii/,1 (10.75 ounce) can condensed cream of mushroom soup
3,https://www.allrecipes.com/recipe/20701/breakfast-casserole-ii/,1 1/4 cups milk
4,https://www.allrecipes.com/recipe/20701/breakfast-casserole-ii/,"1 (4.5 ounce) can sliced mushrooms, drained"
5,https://www.allrecipes.com/recipe/20701/breakfast-casserole-ii/,1 (32 ounce) package frozen potato rounds
6,https://www.allrecipes.com/recipe/20701/breakfast-casserole-ii/,1/2 cup shredded Cheddar cheese
0,https://www.allrecipes.com/recipe/17515/quiche-lorraine-i/,1 recipe pastry for a 9 inch single crust pie
1,https://www.allrecipes.com/recipe/17515/quiche-lorraine-i/,12 slices bacon
2,https://www.allrecipes.com/recipe/17515/quiche-lorraine-i/,1 cup shredded Swiss cheese
3,https://www.allrecipes.com/recipe/17515/quiche-lorraine-i/,1/3 cup minced onion
4,https://www.allrecipes.com/recipe/17515/quiche-lorraine-i/,"4 eggs, beaten"
5,https://www.allrecipes.com/recipe/17515/quiche-lorraine-i/,2 cups light cream
6,https://www.allrecipes.com/recipe/17515/quiche-lorraine-i/,3/4 teaspoon salt
7,https://www.allrecipes.com/recipe/17515/quiche-lorraine-i/,1/4 teaspoon white sugar
8,https://www.allrecipes.com/recipe/17515/quiche-lorraine-i/,1/8 teaspoon cayenne pepper
0,https://www.allrecipes.com/recipe/229150/cheesy-amish-breakfast-casserole/,"1 pound sliced bacon, diced"
1,https://www.allrecipes.com/recipe/229150/cheesy-amish-breakfast-casserole/,"1 sweet onion, chopped"
2,https://www.allrecipes.com/recipe/229150/cheesy-amish-breakfast-casserole/,"4 cups frozen shredded hash brown potatoes, thawed"
3,https://www.allrecipes.com/recipe/229150/cheesy-amish-breakfast-casserole/,"9 eggs, lightly beaten"
4,https://www.allrecipes.com/recipe/229150/cheesy-amish-breakfast-casserole/,2 cups shredded Cheddar cheese
5,https://www.allrecipes.com/recipe/229150/cheesy-amish-breakfast-casserole/,1 1/2 cups small curd cottage cheese
6,https://www.allrecipes.com/recipe/229150/cheesy-amish-breakfast-casserole/,1 1/4 cups shredded Swiss cheese
0,https://www.allrecipes.com/recipe/79758/wheat-germ-whole-wheat-buttermilk-pancakes/,"2 eggs, lightly beaten"
1,https://www.allrecipes.com/recipe/79758/wheat-germ-whole-wheat-buttermilk-pancakes/,1/4 cup canola oil
2,https://www.allrecipes.com/recipe/79758/wheat-germ-whole-wheat-buttermilk-pancakes/,2 cups buttermilk
3,https://www.allrecipes.com/recipe/79758/wheat-germ-whole-wheat-buttermilk-pancakes/,2 teaspoons baking soda
4,https://www.allrecipes.com/recipe/79758/wheat-germ-whole-wheat-buttermilk-pancakes/,1/2 cup wheat germ
5,https://www.allrecipes.com/recipe/79758/wheat-germ-whole-wheat-buttermilk-pancakes/,1/2 teaspoon salt
6,https://www.allrecipes.com/recipe/79758/wheat-germ-whole-wheat-buttermilk-pancakes/,1 1/2 cups whole wheat pastry flour
0,https://www.allrecipes.com/recipe/33116/oatmeal-and-wheat-flour-blueberry-pancakes/,1/2 cup whole wheat flour
1,https://www.allrecipes.com/recipe/33116/oatmeal-and-wheat-flour-blueberry-pancakes/,1/2 cup all-purpose flour
2,https://www.allrecipes.com/recipe/33116/oatmeal-and-wheat-flour-blueberry-pancakes/,2 tablespoons brown sugar
3,https://www.allrecipes.com/recipe/33116/oatmeal-and-wheat-flour-blueberry-pancakes/,2 tablespoons baking powder
4,https://www.allrecipes.com/recipe/33116/oatmeal-and-wheat-flour-blueberry-pancakes/,3/4 teaspoon salt
5,https://www.allrecipes.com/recipe/33116/oatmeal-and-wheat-flour-blueberry-pancakes/,1 1/2 cups quick cooking oats
6,https://www.allrecipes.com/recipe/33116/oatmeal-and-wheat-flour-blueberry-pancakes/,2 cups soy milk
7,https://www.allrecipes.com/recipe/33116/oatmeal-and-wheat-flour-blueberry-pancakes/,"3 eggs, beaten"
8,https://www.allrecipes.com/recipe/33116/oatmeal-and-wheat-flour-blueberry-pancakes/,1/4 cup olive oil
9,https://www.allrecipes.com/recipe/33116/oatmeal-and-wheat-flour-blueberry-pancakes/,1/2 cup frozen blueberries
0,https://www.allrecipes.com/recipe/141828/lolas-horchata/,1 cup uncooked white long-grain rice
1,https://www.allrecipes.com/recipe/141828/lolas-horchata/,5 cups water
2,https://www.allrecipes.com/recipe/141828/lolas-horchata/,1/2 cup milk
3,https://www.allrecipes.com/recipe/141828/lolas-horchata/,1/2 tablespoon vanilla extract
4,https://www.allrecipes.com/recipe/141828/lolas-horchata/,1/2 tablespoon ground cinnamon
5,https://www.allrecipes.com/recipe/141828/lolas-horchata/,2/3 cup white sugar
0,https://www.allrecipes.com/recipe/21315/make-ahead-french-toast/,"5 eggs, lightly beaten"
1,https://www.allrecipes.com/recipe/21315/make-ahead-french-toast/,1 1/2 cups milk
2,https://www.allrecipes.com/recipe/21315/make-ahead-french-toast/,1 cup half-and-half cream
3,https://www.allrecipes.com/recipe/21315/make-ahead-french-toast/,1 teaspoon vanilla extract
4,https://www.allrecipes.com/recipe/21315/make-ahead-french-toast/,"1/2 (1 pound) loaf French bread, cut diagonally in 1 inch slices"
5,https://www.allrecipes.com/recipe/21315/make-ahead-french-toast/,"1/2 cup butter, melted"
6,https://www.allrecipes.com/recipe/21315/make-ahead-french-toast/,1 cup light brown sugar
7,https://www.allrecipes.com/recipe/21315/make-ahead-french-toast/,2 tablespoons maple syrup
8,https://www.allrecipes.com/recipe/21315/make-ahead-french-toast/,1 cup chopped pecans
0,https://www.allrecipes.com/recipe/17205/eggs-benedict/,4 egg yolks
1,https://www.allrecipes.com/recipe/17205/eggs-benedict/,3 1/2 tablespoons lemon juice
2,https://www.allrecipes.com/recipe/17205/eggs-benedict/,1 pinch ground white pepper
3,https://www.allrecipes.com/recipe/17205/eggs-benedict/,1/8 teaspoon Worcestershire sauce
4,https://www.allrecipes.com/recipe/17205/eggs-benedict/,1 tablespoon water
5,https://www.allrecipes.com/recipe/17205/eggs-benedict/,"1 cup butter, melted"
6,https://www.allrecipes.com/recipe/17205/eggs-benedict/,1/4 teaspoon salt
7,https://www.allrecipes.com/recipe/17205/eggs-benedict/,8 eggs
8,https://www.allrecipes.com/recipe/17205/eggs-benedict/,1 teaspoon distilled white vinegar
9,https://www.allrecipes.com/recipe/17205/eggs-benedict/,8 strips Canadian-style bacon
10,https://www.allrecipes.com/recipe/17205/eggs-benedict/,"4 English muffins, split"
11,https://www.allrecipes.com/recipe/17205/eggs-benedict/,"2 tablespoons butter, softened"
0,https://www.allrecipes.com/recipe/8056/pancakes/,1 cup sifted self-rising flour
1,https://www.allrecipes.com/recipe/8056/pancakes/,1 cup milk
2,https://www.allrecipes.com/recipe/8056/pancakes/,1 egg
3,https://www.allrecipes.com/recipe/8056/pancakes/,2 tablespoons vegetable oil
0,https://www.allrecipes.com/recipe/23900/german-apple-pancake/,4 eggs
1,https://www.allrecipes.com/recipe/23900/german-apple-pancake/,1/2 cup unbleached all-purpose flour
2,https://www.allrecipes.com/recipe/23900/german-apple-pancake/,1/2 teaspoon baking powder
3,https://www.allrecipes.com/recipe/23900/german-apple-pancake/,1 tablespoon sugar
4,https://www.allrecipes.com/recipe/23900/german-apple-pancake/,1 pinch salt
5,https://www.allrecipes.com/recipe/23900/german-apple-pancake/,1 cup milk
6,https://www.allrecipes.com/recipe/23900/german-apple-pancake/,1 teaspoon vanilla extract
7,https://www.allrecipes.com/recipe/23900/german-apple-pancake/,"2 tablespoons unsalted butter, melted"
8,https://www.allrecipes.com/recipe/23900/german-apple-pancake/,1/2 teaspoon ground nutmeg
9,https://www.allrecipes.com/recipe/23900/german-apple-pancake/,1/4 cup unsalted butter
10,https://www.allrecipes.com/recipe/23900/german-apple-pancake/,"1/2 cup white sugar, divided"
11,https://www.allrecipes.com/recipe/23900/german-apple-pancake/,1/2 teaspoon ground cinnamon
12,https://www.allrecipes.com/recipe/23900/german-apple-pancake/,1/2 teaspoon ground nutmeg
13,https://www.allrecipes.com/recipe/23900/german-apple-pancake/,"1 large tart apple - peeled, cored and sliced"
0,https://www.allrecipes.com/recipe/72575/apple-breakfast-bread/,1/2 cup butter
1,https://www.allrecipes.com/recipe/72575/apple-breakfast-bread/,1 cup sugar
2,https://www.allrecipes.com/recipe/72575/apple-breakfast-bread/,2 eggs
3,https://www.allrecipes.com/recipe/72575/apple-breakfast-bread/,2 cups all-purpose flour
4,https://www.allrecipes.com/recipe/72575/apple-breakfast-bread/,1 teaspoon baking soda
5,https://www.allrecipes.com/recipe/72575/apple-breakfast-bread/,1/2 teaspoon salt
6,https://www.allrecipes.com/recipe/72575/apple-breakfast-bread/,1 teaspoon ground cinnamon
7,https://www.allrecipes.com/recipe/72575/apple-breakfast-bread/,1/2 teaspoon ground cloves
8,https://www.allrecipes.com/recipe/72575/apple-breakfast-bread/,"2 apples - peeled, cored and chopped"
0,https://www.allrecipes.com/recipe/71803/quick-and-easy-home-fries/,"3 medium russet potatoes, cubed"
1,https://www.allrecipes.com/recipe/71803/quick-and-easy-home-fries/,3 tablespoons butter or margarine
2,https://www.allrecipes.com/recipe/71803/quick-and-easy-home-fries/,salt and pepper to taste
0,https://www.allrecipes.com/recipe/20498/asparagus-quiche/,"1 pound fresh asparagus, trimmed and cut into 1/2 inch pieces"
1,https://www.allrecipes.com/recipe/20498/asparagus-quiche/,10 slices bacon
2,https://www.allrecipes.com/recipe/20498/asparagus-quiche/,2 (8 inch) unbaked pie shells
3,https://www.allrecipes.com/recipe/20498/asparagus-quiche/,"1 egg white, lightly beaten"
4,https://www.allrecipes.com/recipe/20498/asparagus-quiche/,4 eggs
5,https://www.allrecipes.com/recipe/20498/asparagus-quiche/,1 1/2 cups half-and-half cream
6,https://www.allrecipes.com/recipe/20498/asparagus-quiche/,1/4 teaspoon ground nutmeg
7,https://www.allrecipes.com/recipe/20498/asparagus-quiche/,salt and pepper to taste
8,https://www.allrecipes.com/recipe/20498/asparagus-quiche/,2 cups shredded Swiss cheese
0,https://www.allrecipes.com/recipe/22183/waffles-ii/,2 cups all-purpose flour
1,https://www.allrecipes.com/recipe/22183/waffles-ii/,4 teaspoons baking powder
2,https://www.allrecipes.com/recipe/22183/waffles-ii/,1/4 teaspoon salt
3,https://www.allrecipes.com/recipe/22183/waffles-ii/,1 1/2 cups milk
4,https://www.allrecipes.com/recipe/22183/waffles-ii/,6 tablespoons vegetable oil
5,https://www.allrecipes.com/recipe/22183/waffles-ii/,"2 eggs, separated"
0,https://www.allrecipes.com/recipe/25220/moms-best-waffles/,2 cups all-purpose flour
1,https://www.allrecipes.com/recipe/25220/moms-best-waffles/,2 teaspoons baking powder
2,https://www.allrecipes.com/recipe/25220/moms-best-waffles/,2 tablespoons white sugar
3,https://www.allrecipes.com/recipe/25220/moms-best-waffles/,1 teaspoon salt
4,https://www.allrecipes.com/recipe/25220/moms-best-waffles/,2 cups milk
5,https://www.allrecipes.com/recipe/25220/moms-best-waffles/,2 eggs
6,https://www.allrecipes.com/recipe/25220/moms-best-waffles/,2 tablespoons vegetable oil
0,https://www.allrecipes.com/recipe/6730/chocolate-chip-orange-zucchini-bread/,3 eggs
1,https://www.allrecipes.com/recipe/6730/chocolate-chip-orange-zucchini-bread/,2 cups white sugar
2,https://www.allrecipes.com/recipe/6730/chocolate-chip-orange-zucchini-bread/,1 cup vegetable oil
3,https://www.allrecipes.com/recipe/6730/chocolate-chip-orange-zucchini-bread/,2 teaspoons vanilla extract
4,https://www.allrecipes.com/recipe/6730/chocolate-chip-orange-zucchini-bread/,2 cups grated zucchini
5,https://www.allrecipes.com/recipe/6730/chocolate-chip-orange-zucchini-bread/,1 cup chopped walnuts
6,https://www.allrecipes.com/recipe/6730/chocolate-chip-orange-zucchini-bread/,1 cup semisweet chocolate chips
7,https://www.allrecipes.com/recipe/6730/chocolate-chip-orange-zucchini-bread/,1 tablespoon orange zest
8,https://www.allrecipes.com/recipe/6730/chocolate-chip-orange-zucchini-bread/,3 cups all-purpose flour
9,https://www.allrecipes.com/recipe/6730/chocolate-chip-orange-zucchini-bread/,1/4 teaspoon baking powder
10,https://www.allrecipes.com/recipe/6730/chocolate-chip-orange-zucchini-bread/,1 teaspoon baking soda
11,https://www.allrecipes.com/recipe/6730/chocolate-chip-orange-zucchini-bread/,1 teaspoon salt
12,https://www.allrecipes.com/recipe/6730/chocolate-chip-orange-zucchini-bread/,1/2 teaspoon ground cinnamon
13,https://www.allrecipes.com/recipe/6730/chocolate-chip-orange-zucchini-bread/,1 teaspoon ground nutmeg
0,https://www.allrecipes.com/recipe/169652/chunky-monkey-pancakes/,1 cup all-purpose flour
1,https://www.allrecipes.com/recipe/169652/chunky-monkey-pancakes/,2 teaspoons baking powder
2,https://www.allrecipes.com/recipe/169652/chunky-monkey-pancakes/,1 teaspoon baking soda
3,https://www.allrecipes.com/recipe/169652/chunky-monkey-pancakes/,1/4 teaspoon salt
4,https://www.allrecipes.com/recipe/169652/chunky-monkey-pancakes/,3/4 cup skim milk
5,https://www.allrecipes.com/recipe/169652/chunky-monkey-pancakes/,"3 tablespoons butter, melted"
6,https://www.allrecipes.com/recipe/169652/chunky-monkey-pancakes/,2 eggs
7,https://www.allrecipes.com/recipe/169652/chunky-monkey-pancakes/,1 tablespoon white sugar
8,https://www.allrecipes.com/recipe/169652/chunky-monkey-pancakes/,1 teaspoon vanilla extract
9,https://www.allrecipes.com/recipe/169652/chunky-monkey-pancakes/,"1 large banana, diced"
10,https://www.allrecipes.com/recipe/169652/chunky-monkey-pancakes/,1/2 cup miniature semisweet chocolate chips
11,https://www.allrecipes.com/recipe/169652/chunky-monkey-pancakes/,1/4 cup chopped pecans
12,https://www.allrecipes.com/recipe/169652/chunky-monkey-pancakes/,cooking spray
0,https://www.allrecipes.com/recipe/6754/lower-fat-banana-bread-i/,2/3 cup white sugar
1,https://www.allrecipes.com/recipe/6754/lower-fat-banana-bread-i/,"1/4 cup margarine, softened"
2,https://www.allrecipes.com/recipe/6754/lower-fat-banana-bread-i/,2 eggs
3,https://www.allrecipes.com/recipe/6754/lower-fat-banana-bread-i/,1 cup mashed bananas
4,https://www.allrecipes.com/recipe/6754/lower-fat-banana-bread-i/,1/4 cup water
5,https://www.allrecipes.com/recipe/6754/lower-fat-banana-bread-i/,1 2/3 cups all-purpose flour
6,https://www.allrecipes.com/recipe/6754/lower-fat-banana-bread-i/,1 teaspoon baking soda
7,https://www.allrecipes.com/recipe/6754/lower-fat-banana-bread-i/,1/2 teaspoon salt
8,https://www.allrecipes.com/recipe/6754/lower-fat-banana-bread-i/,1/4 teaspoon baking powder
0,https://www.allrecipes.com/recipe/24132/apple-raisin-french-toast-strata/,"1 (1 pound) loaf cinnamon raisin bread, cubed"
1,https://www.allrecipes.com/recipe/24132/apple-raisin-french-toast-strata/,"1 (8 ounce) package cream cheese, diced"
2,https://www.allrecipes.com/recipe/24132/apple-raisin-french-toast-strata/,1 cup diced peeled apples
3,https://www.allrecipes.com/recipe/24132/apple-raisin-french-toast-strata/,8 eggs
4,https://www.allrecipes.com/recipe/24132/apple-raisin-french-toast-strata/,2 1/2 cups half-and-half cream
5,https://www.allrecipes.com/recipe/24132/apple-raisin-french-toast-strata/,"6 tablespoons butter, melted"
6,https://www.allrecipes.com/recipe/24132/apple-raisin-french-toast-strata/,1/4 cup maple syrup
0,https://www.allrecipes.com/recipe/88758/easy-spicy-roasted-potatoes/,"5 medium red potatoes, diced with peel"
1,https://www.allrecipes.com/recipe/88758/easy-spicy-roasted-potatoes/,"1 medium onion, chopped"
2,https://www.allrecipes.com/recipe/88758/easy-spicy-roasted-potatoes/,1 tablespoon garlic powder
3,https://www.allrecipes.com/recipe/88758/easy-spicy-roasted-potatoes/,1 tablespoon kosher salt
4,https://www.allrecipes.com/recipe/88758/easy-spicy-roasted-potatoes/,2 teaspoons chili powder
5,https://www.allrecipes.com/recipe/88758/easy-spicy-roasted-potatoes/,1/4 cup extra virgin olive oil
6,https://www.allrecipes.com/recipe/88758/easy-spicy-roasted-potatoes/,1 cup shredded Cheddar cheese (optional)
0,https://www.allrecipes.com/recipe/15051/baked-omelet/,8 eggs
1,https://www.allrecipes.com/recipe/15051/baked-omelet/,1 cup milk
2,https://www.allrecipes.com/recipe/15051/baked-omelet/,1/2 teaspoon seasoning salt
3,https://www.allrecipes.com/recipe/15051/baked-omelet/,"3 ounces cooked ham, diced"
4,https://www.allrecipes.com/recipe/15051/baked-omelet/,1/2 cup shredded Cheddar cheese
5,https://www.allrecipes.com/recipe/15051/baked-omelet/,1/2 cup shredded mozzarella cheese
6,https://www.allrecipes.com/recipe/15051/baked-omelet/,1 tablespoon dried minced onion
0,https://www.allrecipes.com/recipe/23772/quiche/,1 1/2 cups shredded Swiss cheese
1,https://www.allrecipes.com/recipe/23772/quiche/,4 teaspoons all-purpose flour
2,https://www.allrecipes.com/recipe/23772/quiche/,"1/2 cup cooked ham, diced"
3,https://www.allrecipes.com/recipe/23772/quiche/,3 eggs
4,https://www.allrecipes.com/recipe/23772/quiche/,1 cup milk
5,https://www.allrecipes.com/recipe/23772/quiche/,1/4 teaspoon salt
6,https://www.allrecipes.com/recipe/23772/quiche/,1/4 teaspoon ground dry mustard
7,https://www.allrecipes.com/recipe/23772/quiche/,1 (9 inch) unbaked pie crust
8,https://www.allrecipes.com/recipe/23772/quiche/,"2 tablespoons chopped fresh parsley, for garnish"
9,https://www.allrecipes.com/recipe/23772/quiche/,"2 tablespoons chopped pimento peppers, garnish"
0,https://www.allrecipes.com/recipe/22722/brown-sugar-banana-nut-bread-i/,"1/2 cup butter, softened"
1,https://www.allrecipes.com/recipe/22722/brown-sugar-banana-nut-bread-i/,1 cup brown sugar
2,https://www.allrecipes.com/recipe/22722/brown-sugar-banana-nut-bread-i/,2 eggs
3,https://www.allrecipes.com/recipe/22722/brown-sugar-banana-nut-bread-i/,1 tablespoon vanilla extract
4,https://www.allrecipes.com/recipe/22722/brown-sugar-banana-nut-bread-i/,"4 very ripe bananas, mashed"
5,https://www.allrecipes.com/recipe/22722/brown-sugar-banana-nut-bread-i/,2 cups all-purpose flour
6,https://www.allrecipes.com/recipe/22722/brown-sugar-banana-nut-bread-i/,3 teaspoons baking powder
7,https://www.allrecipes.com/recipe/22722/brown-sugar-banana-nut-bread-i/,1/2 teaspoon salt
8,https://www.allrecipes.com/recipe/22722/brown-sugar-banana-nut-bread-i/,1/2 cup chopped walnuts
0,https://www.allrecipes.com/recipe/20496/baked-oatmeal-i/,1/2 cup vegetable oil
1,https://www.allrecipes.com/recipe/20496/baked-oatmeal-i/,3/4 cup white sugar
2,https://www.allrecipes.com/recipe/20496/baked-oatmeal-i/,2 eggs
3,https://www.allrecipes.com/recipe/20496/baked-oatmeal-i/,1 cup milk
4,https://www.allrecipes.com/recipe/20496/baked-oatmeal-i/,1/2 teaspoon salt
5,https://www.allrecipes.com/recipe/20496/baked-oatmeal-i/,1 tablespoon baking powder
6,https://www.allrecipes.com/recipe/20496/baked-oatmeal-i/,3 cups quick cooking oats
7,https://www.allrecipes.com/recipe/20496/baked-oatmeal-i/,1/2 cup raisins
8,https://www.allrecipes.com/recipe/20496/baked-oatmeal-i/,2 tablespoons brown sugar
9,https://www.allrecipes.com/recipe/20496/baked-oatmeal-i/,1/2 teaspoon ground cinnamon
0,https://www.allrecipes.com/recipe/166601/whole-wheat-oatmeal-and-banana-pancakes/,1 cup uncooked rolled oats
1,https://www.allrecipes.com/recipe/166601/whole-wheat-oatmeal-and-banana-pancakes/,1 cup whole wheat flour
2,https://www.allrecipes.com/recipe/166601/whole-wheat-oatmeal-and-banana-pancakes/,3/4 cup all-purpose flour
3,https://www.allrecipes.com/recipe/166601/whole-wheat-oatmeal-and-banana-pancakes/,1/4 cup brown sugar
4,https://www.allrecipes.com/recipe/166601/whole-wheat-oatmeal-and-banana-pancakes/,2 tablespoons dry milk powder
5,https://www.allrecipes.com/recipe/166601/whole-wheat-oatmeal-and-banana-pancakes/,2 teaspoons baking powder
6,https://www.allrecipes.com/recipe/166601/whole-wheat-oatmeal-and-banana-pancakes/,1/2 teaspoon baking soda
7,https://www.allrecipes.com/recipe/166601/whole-wheat-oatmeal-and-banana-pancakes/,1/2 teaspoon salt
8,https://www.allrecipes.com/recipe/166601/whole-wheat-oatmeal-and-banana-pancakes/,1 egg
9,https://www.allrecipes.com/recipe/166601/whole-wheat-oatmeal-and-banana-pancakes/,2 cups milk
10,https://www.allrecipes.com/recipe/166601/whole-wheat-oatmeal-and-banana-pancakes/,2 tablespoons vegetable oil
11,https://www.allrecipes.com/recipe/166601/whole-wheat-oatmeal-and-banana-pancakes/,1 teaspoon vanilla extract
12,https://www.allrecipes.com/recipe/166601/whole-wheat-oatmeal-and-banana-pancakes/,"1 banana, mashed"
0,https://www.allrecipes.com/recipe/36900/german-pancakes-ii/,1/4 cup butter
1,https://www.allrecipes.com/recipe/36900/german-pancakes-ii/,1 cup all-purpose flour
2,https://www.allrecipes.com/recipe/36900/german-pancakes-ii/,1 cup milk
3,https://www.allrecipes.com/recipe/36900/german-pancakes-ii/,"6 eggs, lightly beaten"
4,https://www.allrecipes.com/recipe/36900/german-pancakes-ii/,1/8 teaspoon salt
0,https://www.allrecipes.com/recipe/45620/apple-raisin-french-toast-casserole/,1 cup brown sugar
1,https://www.allrecipes.com/recipe/45620/apple-raisin-french-toast-casserole/,1 teaspoon ground cinnamon
2,https://www.allrecipes.com/recipe/45620/apple-raisin-french-toast-casserole/,"1/2 cup butter, melted"
3,https://www.allrecipes.com/recipe/45620/apple-raisin-french-toast-casserole/,"3 apples - peeled, cored and sliced"
4,https://www.allrecipes.com/recipe/45620/apple-raisin-french-toast-casserole/,1/2 cup raisins
5,https://www.allrecipes.com/recipe/45620/apple-raisin-french-toast-casserole/,"1 (1 pound) loaf French baguette, cut into 1 inch slices"
6,https://www.allrecipes.com/recipe/45620/apple-raisin-french-toast-casserole/,"6 eggs, lightly beaten"
7,https://www.allrecipes.com/recipe/45620/apple-raisin-french-toast-casserole/,1 1/2 cups milk
8,https://www.allrecipes.com/recipe/45620/apple-raisin-french-toast-casserole/,1 tablespoon vanilla extract
9,https://www.allrecipes.com/recipe/45620/apple-raisin-french-toast-casserole/,2 teaspoons ground cinnamon
0,https://www.allrecipes.com/recipe/21429/moms-applesauce-pancakes/,2 cups dry pancake mix
1,https://www.allrecipes.com/recipe/21429/moms-applesauce-pancakes/,1 teaspoon ground cinnamon
2,https://www.allrecipes.com/recipe/21429/moms-applesauce-pancakes/,2 eggs
3,https://www.allrecipes.com/recipe/21429/moms-applesauce-pancakes/,1 cup applesauce
4,https://www.allrecipes.com/recipe/21429/moms-applesauce-pancakes/,1 teaspoon lemon juice
5,https://www.allrecipes.com/recipe/21429/moms-applesauce-pancakes/,1/2 cup milk
0,https://www.allrecipes.com/recipe/187850/egg-in-a-hole/,1 1/2 teaspoons bacon grease
1,https://www.allrecipes.com/recipe/187850/egg-in-a-hole/,1 slice bread
2,https://www.allrecipes.com/recipe/187850/egg-in-a-hole/,1 egg
3,https://www.allrecipes.com/recipe/187850/egg-in-a-hole/,salt and ground black pepper to taste
0,https://www.allrecipes.com/recipe/9217/super-moist-pumpkin-bread/,3 1/2 cups all-purpose flour
1,https://www.allrecipes.com/recipe/9217/super-moist-pumpkin-bread/,2 cups packed dark brown sugar
2,https://www.allrecipes.com/recipe/9217/super-moist-pumpkin-bread/,2/3 cup white sugar
3,https://www.allrecipes.com/recipe/9217/super-moist-pumpkin-bread/,2 cups pumpkin puree
4,https://www.allrecipes.com/recipe/9217/super-moist-pumpkin-bread/,1 cup vegetable oil
5,https://www.allrecipes.com/recipe/9217/super-moist-pumpkin-bread/,2/3 cup coconut milk
6,https://www.allrecipes.com/recipe/9217/super-moist-pumpkin-bread/,2 teaspoons baking soda
7,https://www.allrecipes.com/recipe/9217/super-moist-pumpkin-bread/,1 teaspoon salt
8,https://www.allrecipes.com/recipe/9217/super-moist-pumpkin-bread/,1 teaspoon ground nutmeg
9,https://www.allrecipes.com/recipe/9217/super-moist-pumpkin-bread/,1 1/2 teaspoons ground cinnamon
10,https://www.allrecipes.com/recipe/9217/super-moist-pumpkin-bread/,2/3 cup flaked coconut
11,https://www.allrecipes.com/recipe/9217/super-moist-pumpkin-bread/,"1 cup toasted walnuts, chopped"
0,https://www.allrecipes.com/recipe/7116/banana-bread-quick-bread-for-machines/,2 cups all-purpose flour
1,https://www.allrecipes.com/recipe/7116/banana-bread-quick-bread-for-machines/,1 teaspoon baking powder
2,https://www.allrecipes.com/recipe/7116/banana-bread-quick-bread-for-machines/,1/2 teaspoon baking soda
3,https://www.allrecipes.com/recipe/7116/banana-bread-quick-bread-for-machines/,3/4 cup white sugar
4,https://www.allrecipes.com/recipe/7116/banana-bread-quick-bread-for-machines/,3 tablespoons vegetable oil
5,https://www.allrecipes.com/recipe/7116/banana-bread-quick-bread-for-machines/,2 eggs
6,https://www.allrecipes.com/recipe/7116/banana-bread-quick-bread-for-machines/,"2 bananas, peeled and halved lengthwise"
0,https://www.allrecipes.com/recipe/23788/bacon-quiche-tarts/,5 slices bacon
1,https://www.allrecipes.com/recipe/23788/bacon-quiche-tarts/,"1 (8 ounce) package cream cheese, softened"
2,https://www.allrecipes.com/recipe/23788/bacon-quiche-tarts/,2 tablespoons milk
3,https://www.allrecipes.com/recipe/23788/bacon-quiche-tarts/,2 eggs
4,https://www.allrecipes.com/recipe/23788/bacon-quiche-tarts/,1/2 cup shredded Swiss cheese
5,https://www.allrecipes.com/recipe/23788/bacon-quiche-tarts/,2 tablespoons chopped green onion
6,https://www.allrecipes.com/recipe/23788/bacon-quiche-tarts/,1 (10 ounce) can refrigerated flaky biscuit dough
0,https://www.allrecipes.com/recipe/15047/christmas-brunch-casserole/,1 pound bacon
1,https://www.allrecipes.com/recipe/15047/christmas-brunch-casserole/,"2 onions, chopped"
2,https://www.allrecipes.com/recipe/15047/christmas-brunch-casserole/,2 cups fresh sliced mushrooms
3,https://www.allrecipes.com/recipe/15047/christmas-brunch-casserole/,1 tablespoon butter
4,https://www.allrecipes.com/recipe/15047/christmas-brunch-casserole/,"4 cups frozen hash brown potatoes, thawed"
5,https://www.allrecipes.com/recipe/15047/christmas-brunch-casserole/,1 teaspoon salt
6,https://www.allrecipes.com/recipe/15047/christmas-brunch-casserole/,1/4 teaspoon garlic salt
7,https://www.allrecipes.com/recipe/15047/christmas-brunch-casserole/,1/2 teaspoon ground black pepper
8,https://www.allrecipes.com/recipe/15047/christmas-brunch-casserole/,4 eggs
9,https://www.allrecipes.com/recipe/15047/christmas-brunch-casserole/,1 1/2 cups milk
10,https://www.allrecipes.com/recipe/15047/christmas-brunch-casserole/,1 pinch dried parsley
11,https://www.allrecipes.com/recipe/15047/christmas-brunch-casserole/,1 cup shredded Cheddar cheese
0,https://www.allrecipes.com/recipe/74174/all-around-good-smoothie/,1/2 cup nonfat milk
1,https://www.allrecipes.com/recipe/74174/all-around-good-smoothie/,1/2 cup fat-free plain yogurt
2,https://www.allrecipes.com/recipe/74174/all-around-good-smoothie/,"1/2 frozen banana, peeled and chopped"
3,https://www.allrecipes.com/recipe/74174/all-around-good-smoothie/,2 tablespoons powdered protein supplement
4,https://www.allrecipes.com/recipe/74174/all-around-good-smoothie/,1 1/2 tablespoons flax seed
5,https://www.allrecipes.com/recipe/74174/all-around-good-smoothie/,1 teaspoon honey
6,https://www.allrecipes.com/recipe/74174/all-around-good-smoothie/,1/2 cup frozen strawberries
0,https://www.allrecipes.com/recipe/6777/banana-nut-bread-i/,2 1/2 cups white sugar
1,https://www.allrecipes.com/recipe/6777/banana-nut-bread-i/,1 cup shortening
2,https://www.allrecipes.com/recipe/6777/banana-nut-bread-i/,3 eggs
3,https://www.allrecipes.com/recipe/6777/banana-nut-bread-i/,1 1/2 cups mashed bananas
4,https://www.allrecipes.com/recipe/6777/banana-nut-bread-i/,3 cups all-purpose flour
5,https://www.allrecipes.com/recipe/6777/banana-nut-bread-i/,1 1/4 cups buttermilk
6,https://www.allrecipes.com/recipe/6777/banana-nut-bread-i/,1 1/2 teaspoons baking soda
7,https://www.allrecipes.com/recipe/6777/banana-nut-bread-i/,1 1/2 teaspoons baking powder
8,https://www.allrecipes.com/recipe/6777/banana-nut-bread-i/,1 teaspoon vanilla extract
9,https://www.allrecipes.com/recipe/6777/banana-nut-bread-i/,1/2 cup chopped walnuts
0,https://www.allrecipes.com/recipe/76278/orange-pecan-french-toast/,1 cup packed brown sugar
1,https://www.allrecipes.com/recipe/76278/orange-pecan-french-toast/,"1/3 cup butter, melted"
2,https://www.allrecipes.com/recipe/76278/orange-pecan-french-toast/,2 tablespoons light corn syrup
3,https://www.allrecipes.com/recipe/76278/orange-pecan-french-toast/,1/3 cup chopped pecans
4,https://www.allrecipes.com/recipe/76278/orange-pecan-french-toast/,12 (3/4 inch thick) slices French bread
5,https://www.allrecipes.com/recipe/76278/orange-pecan-french-toast/,1 teaspoon grated orange zest
6,https://www.allrecipes.com/recipe/76278/orange-pecan-french-toast/,1 cup fresh orange juice
7,https://www.allrecipes.com/recipe/76278/orange-pecan-french-toast/,1/2 cup 2% milk
8,https://www.allrecipes.com/recipe/76278/orange-pecan-french-toast/,3 tablespoons white sugar
9,https://www.allrecipes.com/recipe/76278/orange-pecan-french-toast/,1 teaspoon ground cinnamon
10,https://www.allrecipes.com/recipe/76278/orange-pecan-french-toast/,1 teaspoon vanilla extract
11,https://www.allrecipes.com/recipe/76278/orange-pecan-french-toast/,3 egg whites
12,https://www.allrecipes.com/recipe/76278/orange-pecan-french-toast/,2 eggs
13,https://www.allrecipes.com/recipe/76278/orange-pecan-french-toast/,1 tablespoon confectioners' sugar for dusting
0,https://www.allrecipes.com/recipe/57606/grain-and-nut-whole-wheat-pancakes/,1 1/2 cups old-fashioned oatmeal
1,https://www.allrecipes.com/recipe/57606/grain-and-nut-whole-wheat-pancakes/,1 1/2 cups whole wheat flour
2,https://www.allrecipes.com/recipe/57606/grain-and-nut-whole-wheat-pancakes/,2 teaspoons baking soda
3,https://www.allrecipes.com/recipe/57606/grain-and-nut-whole-wheat-pancakes/,1 teaspoon baking powder
4,https://www.allrecipes.com/recipe/57606/grain-and-nut-whole-wheat-pancakes/,1/2 teaspoon salt
5,https://www.allrecipes.com/recipe/57606/grain-and-nut-whole-wheat-pancakes/,1 1/2 cups buttermilk
6,https://www.allrecipes.com/recipe/57606/grain-and-nut-whole-wheat-pancakes/,1 cup milk
7,https://www.allrecipes.com/recipe/57606/grain-and-nut-whole-wheat-pancakes/,1/4 cup vegetable oil
8,https://www.allrecipes.com/recipe/57606/grain-and-nut-whole-wheat-pancakes/,1 egg
9,https://www.allrecipes.com/recipe/57606/grain-and-nut-whole-wheat-pancakes/,1/3 cup sugar
10,https://www.allrecipes.com/recipe/57606/grain-and-nut-whole-wheat-pancakes/,3 tablespoons chopped walnuts (optional)
0,https://www.allrecipes.com/recipe/23095/veronicas-apple-pancakes/,"1/4 cup butter, melted"
1,https://www.allrecipes.com/recipe/23095/veronicas-apple-pancakes/,1 egg
2,https://www.allrecipes.com/recipe/23095/veronicas-apple-pancakes/,1 cup milk
3,https://www.allrecipes.com/recipe/23095/veronicas-apple-pancakes/,1 cup shredded tart apple
4,https://www.allrecipes.com/recipe/23095/veronicas-apple-pancakes/,1 1/4 cups all-purpose flour
5,https://www.allrecipes.com/recipe/23095/veronicas-apple-pancakes/,1 1/4 teaspoons baking powder
6,https://www.allrecipes.com/recipe/23095/veronicas-apple-pancakes/,1/4 teaspoon ground cinnamon
7,https://www.allrecipes.com/recipe/23095/veronicas-apple-pancakes/,1 tablespoon white sugar
0,https://www.allrecipes.com/recipe/90329/groovy-green-smoothie/,"1 banana, cut in chunks"
1,https://www.allrecipes.com/recipe/90329/groovy-green-smoothie/,1 cup grapes
2,https://www.allrecipes.com/recipe/90329/groovy-green-smoothie/,1 (6 ounce) tub vanilla yogurt
3,https://www.allrecipes.com/recipe/90329/groovy-green-smoothie/,"1/2 apple, cored and chopped"
4,https://www.allrecipes.com/recipe/90329/groovy-green-smoothie/,1 1/2 cups fresh spinach leaves
0,https://www.allrecipes.com/recipe/17013/banana-peanut-butter-bread/,"1/2 cup butter, softened"
1,https://www.allrecipes.com/recipe/17013/banana-peanut-butter-bread/,1 cup white sugar
2,https://www.allrecipes.com/recipe/17013/banana-peanut-butter-bread/,2 eggs
3,https://www.allrecipes.com/recipe/17013/banana-peanut-butter-bread/,1/2 cup peanut butter
4,https://www.allrecipes.com/recipe/17013/banana-peanut-butter-bread/,"2 bananas, mashed"
5,https://www.allrecipes.com/recipe/17013/banana-peanut-butter-bread/,2 cups all-purpose flour
6,https://www.allrecipes.com/recipe/17013/banana-peanut-butter-bread/,1 teaspoon baking soda
7,https://www.allrecipes.com/recipe/17013/banana-peanut-butter-bread/,1/2 cup chopped walnuts
0,https://www.allrecipes.com/recipe/85107/omelet-in-a-bag/,2 eggs
1,https://www.allrecipes.com/recipe/85107/omelet-in-a-bag/,"2 slices ham, chopped (optional)"
2,https://www.allrecipes.com/recipe/85107/omelet-in-a-bag/,1/2 cup shredded Cheddar cheese
3,https://www.allrecipes.com/recipe/85107/omelet-in-a-bag/,1 tablespoon chopped onion (optional)
4,https://www.allrecipes.com/recipe/85107/omelet-in-a-bag/,1 tablespoon chopped green bell pepper (optional)
5,https://www.allrecipes.com/recipe/85107/omelet-in-a-bag/,2 tablespoons chopped fresh tomato (optional)
6,https://www.allrecipes.com/recipe/85107/omelet-in-a-bag/,1 tablespoon chunky salsa (optional)
7,https://www.allrecipes.com/recipe/85107/omelet-in-a-bag/,"2 fresh mushrooms, sliced (optional)"
0,https://www.allrecipes.com/recipe/54117/individual-baked-eggs/,1 slice bacon
1,https://www.allrecipes.com/recipe/54117/individual-baked-eggs/,1 teaspoon melted butter
2,https://www.allrecipes.com/recipe/54117/individual-baked-eggs/,1 egg
3,https://www.allrecipes.com/recipe/54117/individual-baked-eggs/,1/4 slice Cheddar cheese
0,https://www.allrecipes.com/recipe/36168/louisiana-sweet-potato-pancakes/,3/4 pound sweet potatoes
1,https://www.allrecipes.com/recipe/36168/louisiana-sweet-potato-pancakes/,1 1/2 cups all-purpose flour
2,https://www.allrecipes.com/recipe/36168/louisiana-sweet-potato-pancakes/,3 1/2 teaspoons baking powder
3,https://www.allrecipes.com/recipe/36168/louisiana-sweet-potato-pancakes/,1 teaspoon salt
4,https://www.allrecipes.com/recipe/36168/louisiana-sweet-potato-pancakes/,1/2 teaspoon ground nutmeg
5,https://www.allrecipes.com/recipe/36168/louisiana-sweet-potato-pancakes/,"2 eggs, beaten"
6,https://www.allrecipes.com/recipe/36168/louisiana-sweet-potato-pancakes/,1 1/2 cups milk
7,https://www.allrecipes.com/recipe/36168/louisiana-sweet-potato-pancakes/,"1/4 cup butter, melted"
0,https://www.allrecipes.com/recipe/20690/baked-omelet-roll/,6 eggs
1,https://www.allrecipes.com/recipe/20690/baked-omelet-roll/,1 cup milk
2,https://www.allrecipes.com/recipe/20690/baked-omelet-roll/,1/2 cup all-purpose flour
3,https://www.allrecipes.com/recipe/20690/baked-omelet-roll/,1/2 teaspoon salt
4,https://www.allrecipes.com/recipe/20690/baked-omelet-roll/,1/4 teaspoon ground black pepper
5,https://www.allrecipes.com/recipe/20690/baked-omelet-roll/,1 cup shredded Cheddar cheese
0,https://www.allrecipes.com/recipe/21544/quiche-lorraine-i/,1 recipe pastry for a 9 inch single crust pie
1,https://www.allrecipes.com/recipe/21544/quiche-lorraine-i/,6 slices bacon
2,https://www.allrecipes.com/recipe/21544/quiche-lorraine-i/,"1 onion, chopped"
3,https://www.allrecipes.com/recipe/21544/quiche-lorraine-i/,"3 eggs, beaten"
4,https://www.allrecipes.com/recipe/21544/quiche-lorraine-i/,1 1/2 cups milk
5,https://www.allrecipes.com/recipe/21544/quiche-lorraine-i/,1/4 teaspoon salt
6,https://www.allrecipes.com/recipe/21544/quiche-lorraine-i/,1 1/2 cups shredded Swiss cheese
7,https://www.allrecipes.com/recipe/21544/quiche-lorraine-i/,1 tablespoon all-purpose flour
0,https://www.allrecipes.com/recipe/21484/peanut-butter-and-banana-french-toast/,1 egg
1,https://www.allrecipes.com/recipe/21484/peanut-butter-and-banana-french-toast/,1 dash vanilla extract
2,https://www.allrecipes.com/recipe/21484/peanut-butter-and-banana-french-toast/,2 tablespoons creamy peanut butter
3,https://www.allrecipes.com/recipe/21484/peanut-butter-and-banana-french-toast/,2 slices bread
4,https://www.allrecipes.com/recipe/21484/peanut-butter-and-banana-french-toast/,"1 small banana, sliced"
5,https://www.allrecipes.com/recipe/21484/peanut-butter-and-banana-french-toast/,2 tablespoons butter
0,https://www.allrecipes.com/recipe/20746/country-quiche/,8 slices bacon
1,https://www.allrecipes.com/recipe/20746/country-quiche/,"1 small onion, chopped"
2,https://www.allrecipes.com/recipe/20746/country-quiche/,4 eggs
3,https://www.allrecipes.com/recipe/20746/country-quiche/,2 tablespoons milk
4,https://www.allrecipes.com/recipe/20746/country-quiche/,2 tablespoons all-purpose flour
5,https://www.allrecipes.com/recipe/20746/country-quiche/,1 teaspoon dried parsley
6,https://www.allrecipes.com/recipe/20746/country-quiche/,1/4 teaspoon dried thyme
7,https://www.allrecipes.com/recipe/20746/country-quiche/,salt and pepper to taste
8,https://www.allrecipes.com/recipe/20746/country-quiche/,1 (9 inch) unbaked pie crust
9,https://www.allrecipes.com/recipe/20746/country-quiche/,1/4 cup shredded mozzarella cheese
10,https://www.allrecipes.com/recipe/20746/country-quiche/,1/2 cup shredded Cheddar cheese
